{
  "sensor": "Intel RealSense RGB-D (depth aligned to color)",
  "topic": "/camera/color/camera_info",
  "width": 640,
  "height": 480,
  "fx": 604.0428466796875,
  "fy": 603.9828491210938,
  "cx": 331.7680358886719,
  "cy": 254.8035888671875,
  "K": [
    604.0428466796875,
    0.0,
    331.7680358886719,
    0.0,
    603.9828491210938,
    254.8035888671875,
    0.0,
    0.0,
    1.0
  ],
  "P": [
    604.0428466796875,
    0.0,
    331.7680358886719,
    0.0,
    0.0,
    603.9828491210938,
    254.8035888671875,
    0.0,
    0.0,
    0.0,
    1.0,
    0.0
  ],
  "R": [
    1.0,
    0.0,
    0.0,
    0.0,
    1.0,
    0.0,
    0.0,
    0.0,
    1.0
  ],
  "distortion_model": "plumb_bob",
  "D": [
    0.0,
    0.0,
    0.0,
    0.0,
    0.0
  ],
  "depth_scale": 0.001,
  "depth_unit": "mm",
  "note": "Color-camera intrinsics for pose lifting on aligned RGB-D frames."
}