{
  "frame_name": "strawberry_frame_0032",
  "crop": "strawberry",
  "class_id": 0,
  "class_label": "strawberry",
  "annotation_schema": "decision_gt_v1",
  "primary_target_id": 1,
  "targets": [
    {
      "target_id": 1,
      "picking_point": [
        371,
        99
      ],
      "approach_angle_deg": -90.0,
      "camera_pose": {
        "position_m": [
          0.036552307272928214,
          -0.14517617211148853,
          0.5627849698066711
        ],
        "orientation_rpy_deg": [
          0.0,
          0.0,
          -90.0
        ],
        "rotation_matrix": [
          [
            6.123233995736766e-17,
            1.0,
            0.0
          ],
          [
            -1.0,
            6.123233995736766e-17,
            -0.0
          ],
          [
            -0.0,
            0.0,
            1.0
          ]
        ]
      }
    },
    {
      "target_id": 2,
      "picking_point": [
        354,
        146
      ],
      "approach_angle_deg": -90.0,
      "camera_pose": {
        "position_m": [
          0.0199250874369747,
          -0.09752338410242758,
          0.5413649678230286
        ],
        "orientation_rpy_deg": [
          0.0,
          0.0,
          -90.0
        ],
        "rotation_matrix": [
          [
            6.123233995736766e-17,
            1.0,
            0.0
          ],
          [
            -1.0,
            6.123233995736766e-17,
            -0.0
          ],
          [
            -0.0,
            0.0,
            1.0
          ]
        ]
      }
    },
    {
      "target_id": 3,
      "picking_point": [
        399,
        126
      ],
      "approach_angle_deg": -94.18491612511842,
      "camera_pose": {
        "position_m": [
          0.05077601005208454,
          -0.09728679034670407,
          0.45619499683380127
        ],
        "orientation_rpy_deg": [
          0.0,
          0.0,
          -94.18491612511842
        ],
        "rotation_matrix": [
          [
            -0.07297563831157802,
            0.9973337235915658,
            -0.0
          ],
          [
            -0.9973337235915658,
            -0.07297563831157802,
            0.0
          ],
          [
            -0.0,
            0.0,
            1.0
          ]
        ]
      }
    },
    {
      "target_id": 4,
      "picking_point": [
        261,
        190
      ],
      "approach_angle_deg": -81.2538377374448,
      "camera_pose": {
        "position_m": [
          -0.04783005594527948,
          -0.04380321060913959,
          0.4082549810409546
        ],
        "orientation_rpy_deg": [
          0.0,
          0.0,
          -81.2538377374448
        ],
        "rotation_matrix": [
          [
            0.15205718425394102,
            0.9883716976506172,
            0.0
          ],
          [
            -0.9883716976506172,
            0.15205718425394102,
            -0.0
          ],
          [
            -0.0,
            0.0,
            1.0
          ]
        ]
      }
    },
    {
      "target_id": 5,
      "picking_point": [
        199,
        291
      ],
      "approach_angle_deg": -76.32869286780416,
      "camera_pose": {
        "position_m": [
          -0.08883727862449681,
          0.024222020496842956,
          0.4041750133037567
        ],
        "orientation_rpy_deg": [
          0.0,
          0.0,
          -76.32869286780416
        ],
        "rotation_matrix": [
          [
            0.23635157914750057,
            0.9716676031619469,
            0.0
          ],
          [
            -0.9716676031619469,
            0.23635157914750057,
            -0.0
          ],
          [
            -0.0,
            0.0,
            1.0
          ]
        ]
      }
    }
  ],
  "rgb_file": "rgbd/val/strawberry/strawberry_frame_0032_rgb.png",
  "depth_file": "rgbd/val/strawberry/strawberry_frame_0032.npz"
}
