{
  "frame_name": "strawberry_frame_0031",
  "crop": "strawberry",
  "class_id": 0,
  "class_label": "strawberry",
  "annotation_schema": "decision_gt_v1",
  "primary_target_id": 1,
  "targets": [
    {
      "target_id": 1,
      "picking_point": [
        369,
        96
      ],
      "approach_angle_deg": -81.86989764584403,
      "camera_pose": {
        "position_m": [
          0.035113289884055814,
          -0.14978179356558624,
          0.5696699619293213
        ],
        "orientation_rpy_deg": [
          0.0,
          0.0,
          -81.86989764584403
        ],
        "rotation_matrix": [
          [
            0.14142135623730923,
            0.9899494936611666,
            0.0
          ],
          [
            -0.9899494936611666,
            0.14142135623730923,
            -0.0
          ],
          [
            -0.0,
            0.0,
            1.0
          ]
        ]
      }
    },
    {
      "target_id": 2,
      "picking_point": [
        400,
        124
      ],
      "approach_angle_deg": -91.8476102659946,
      "camera_pose": {
        "position_m": [
          0.05161765922732352,
          -0.09896308660743075,
          0.456959992647171
        ],
        "orientation_rpy_deg": [
          0.0,
          0.0,
          -91.8476102659946
        ],
        "rotation_matrix": [
          [
            -0.032241294010958266,
            0.9994801143396996,
            -0.0
          ],
          [
            -0.9994801143396996,
            -0.032241294010958266,
            0.0
          ],
          [
            -0.0,
            0.0,
            1.0
          ]
        ]
      }
    },
    {
      "target_id": 3,
      "picking_point": [
        354,
        145
      ],
      "approach_angle_deg": -87.39743779750019,
      "camera_pose": {
        "position_m": [
          0.019812463906629864,
          -0.09786340671236822,
          0.5383049845695496
        ],
        "orientation_rpy_deg": [
          0.0,
          0.0,
          -87.39743779750019
        ],
        "rotation_matrix": [
          [
            0.045407660918650006,
            0.9989685402102996,
            0.0
          ],
          [
            -0.9989685402102996,
            0.045407660918650006,
            -0.0
          ],
          [
            -0.0,
            0.0,
            1.0
          ]
        ]
      }
    },
    {
      "target_id": 4,
      "picking_point": [
        261,
        188
      ],
      "approach_angle_deg": -82.50414236027014,
      "camera_pose": {
        "position_m": [
          -0.04797943186367993,
          -0.04529610852287535,
          0.40952998399734497
        ],
        "orientation_rpy_deg": [
          0.0,
          0.0,
          -82.50414236027014
        ],
        "rotation_matrix": [
          [
            0.13045451257138735,
            0.9914542955425438,
            0.0
          ],
          [
            -0.9914542955425438,
            0.13045451257138735,
            -0.0
          ],
          [
            -0.0,
            0.0,
            1.0
          ]
        ]
      }
    },
    {
      "target_id": 5,
      "picking_point": [
        200,
        289
      ],
      "approach_angle_deg": -76.2930389959202,
      "camera_pose": {
        "position_m": [
          -0.08738938537024692,
          0.022681526579784176,
          0.4006049931049347
        ],
        "orientation_rpy_deg": [
          0.0,
          0.0,
          -76.2930389959202
        ],
        "rotation_matrix": [
          [
            0.23695618019100723,
            0.9715203387831296,
            0.0
          ],
          [
            -0.9715203387831296,
            0.23695618019100723,
            -0.0
          ],
          [
            -0.0,
            0.0,
            1.0
          ]
        ]
      }
    }
  ],
  "rgb_file": "rgbd/val/strawberry/strawberry_frame_0031_rgb.png",
  "depth_file": "rgbd/val/strawberry/strawberry_frame_0031.npz"
}
