{
  "frame_name": "strawberry_frame_0018",
  "crop": "strawberry",
  "class_id": 0,
  "class_label": "strawberry",
  "annotation_schema": "decision_gt_v1",
  "primary_target_id": 1,
  "targets": [
    {
      "target_id": 1,
      "picking_point": [
        451,
        281
      ],
      "approach_angle_deg": -87.70938995736148,
      "camera_pose": {
        "position_m": [
          0.10766533349793742,
          0.023657460776829495,
          0.5454449653625488
        ],
        "orientation_rpy_deg": [
          0.0,
          -5.0,
          -87.70938995736148
        ],
        "rotation_matrix": [
          [
            0.03981594789627334,
            0.9992009587217894,
            -0.0034834440684627793
          ],
          [
            -0.9953986974068356,
            0.039968038348871485,
            0.08708610171156968
          ],
          [
            0.08715574274765817,
            0.0,
            0.9961946980917455
          ]
        ]
      }
    },
    {
      "target_id": 2,
      "picking_point": [
        490,
        239
      ],
      "approach_angle_deg": -87.03906386583625,
      "camera_pose": {
        "position_m": [
          0.27013308820936605,
          -0.02698251496956032,
          1.0312199592590332
        ],
        "orientation_rpy_deg": [
          0.0,
          -5.0,
          -87.03906386583625
        ],
        "rotation_matrix": [
          [
            0.051458522232889624,
            0.9986649849421085,
            -0.0045020373371745595
          ],
          [
            -0.9948647631692015,
            0.05165508542803999,
            0.08703938851870832
          ],
          [
            0.08715574274765817,
            0.0,
            0.9961946980917455
          ]
        ]
      }
    },
    {
      "target_id": 3,
      "picking_point": [
        277,
        356
      ],
      "approach_angle_deg": -93.57633437499736,
      "camera_pose": {
        "position_m": [
          -0.06950060171800279,
          0.12843093614916937,
          0.7665299773216248
        ],
        "orientation_rpy_deg": [
          0.0,
          -5.0,
          -93.57633437499736
        ],
        "rotation_matrix": [
          [
            -0.062140917943840676,
            0.9980525784828885,
            0.00543662586118073
          ],
          [
            -0.9942546871014493,
            -0.06237828615518063,
            0.08698601377889155
          ],
          [
            0.08715574274765817,
            0.0,
            0.9961946980917455
          ]
        ]
      }
    },
    {
      "target_id": 4,
      "picking_point": [
        188,
        153
      ],
      "approach_angle_deg": -82.23483398157467,
      "camera_pose": {
        "position_m": [
          -0.08387698351709612,
          -0.05940003370721679,
          0.3524099886417389
        ],
        "orientation_rpy_deg": [
          0.0,
          5.0,
          -82.23483398157467
        ],
        "rotation_matrix": [
          [
            0.13459905819751145,
            0.9908301680442989,
            0.011775891713548342
          ],
          [
            -0.9870597601150839,
            0.1351132047333135,
            -0.08635653923268782
          ],
          [
            -0.08715574274765817,
            0.0,
            0.9961946980917455
          ]
        ]
      }
    }
  ],
  "rgb_file": "rgbd/val/strawberry/strawberry_frame_0018_rgb.png",
  "depth_file": "rgbd/val/strawberry/strawberry_frame_0018.npz"
}
