{
  "frame_name": "strawberry_frame_0008",
  "crop": "strawberry",
  "class_id": 0,
  "class_label": "strawberry",
  "annotation_schema": "decision_gt_v1",
  "primary_target_id": 1,
  "targets": [
    {
      "target_id": 1,
      "picking_point": [
        25,
        325
      ],
      "approach_angle_deg": -87.82525588538995,
      "camera_pose": {
        "position_m": [
          -0.18376589751749933,
          0.04205453762155609,
          0.3618449866771698
        ],
        "orientation_rpy_deg": [
          0.0,
          0.0,
          -87.82525588538995
        ],
        "rotation_matrix": [
          [
            0.03794733192202058,
            0.9992797406132079,
            0.0
          ],
          [
            -0.9992797406132079,
            0.03794733192202058,
            -0.0
          ],
          [
            -0.0,
            0.0,
            1.0
          ]
        ]
      }
    },
    {
      "target_id": 2,
      "picking_point": [
        378,
        375
      ],
      "approach_angle_deg": -90.0,
      "camera_pose": {
        "position_m": [
          0.06538220499234457,
          0.17000114963109483,
          0.8542499542236328
        ],
        "orientation_rpy_deg": [
          0.0,
          -5.0,
          -90.0
        ],
        "rotation_matrix": [
          [
            6.099933241728101e-17,
            1.0,
            -5.336750069161486e-18
          ],
          [
            -0.9961946980917455,
            6.123233995736766e-17,
            0.08715574274765817
          ],
          [
            0.08715574274765817,
            0.0,
            0.9961946980917455
          ]
        ]
      }
    }
  ],
  "rgb_file": "rgbd/val/strawberry/strawberry_frame_0008_rgb.png",
  "depth_file": "rgbd/val/strawberry/strawberry_frame_0008.npz"
}
