{
  "frame_name": "strawberry_frame_0023",
  "crop": "strawberry",
  "class_id": 0,
  "class_label": "strawberry",
  "annotation_schema": "decision_gt_v1",
  "primary_target_id": 1,
  "targets": [
    {
      "target_id": 1,
      "picking_point": [
        243,
        320
      ],
      "approach_angle_deg": -82.40535663140857,
      "camera_pose": {
        "position_m": [
          -0.0848784173020794,
          0.06234584150293558,
          0.5775750279426575
        ],
        "orientation_rpy_deg": [
          0.0,
          0.0,
          -82.40535663140857
        ],
        "rotation_matrix": [
          [
            0.1321637200910177,
            0.9912279006826347,
            0.0
          ],
          [
            -0.9912279006826347,
            0.1321637200910177,
            -0.0
          ],
          [
            -0.0,
            0.0,
            1.0
          ]
        ]
      }
    },
    {
      "target_id": 2,
      "picking_point": [
        301,
        209
      ],
      "approach_angle_deg": -98.88065915052024,
      "camera_pose": {
        "position_m": [
          -0.025003621777774265,
          -0.03722595039732618,
          0.4908749759197235
        ],
        "orientation_rpy_deg": [
          0.0,
          0.0,
          -98.88065915052024
        ],
        "rotation_matrix": [
          [
            -0.15437688027360963,
            0.9880120337511015,
            -0.0
          ],
          [
            -0.9880120337511015,
            -0.15437688027360963,
            0.0
          ],
          [
            -0.0,
            0.0,
            1.0
          ]
        ]
      }
    },
    {
      "target_id": 3,
      "picking_point": [
        467,
        116
      ],
      "approach_angle_deg": -94.57392125990086,
      "camera_pose": {
        "position_m": [
          0.08192258977163348,
          -0.08409460821504584,
          0.36592498421669006
        ],
        "orientation_rpy_deg": [
          0.0,
          0.0,
          -94.57392125990086
        ],
        "rotation_matrix": [
          [
            -0.07974522228288994,
            0.996815278536125,
            -0.0
          ],
          [
            -0.996815278536125,
            -0.07974522228288994,
            0.0
          ],
          [
            -0.0,
            0.0,
            1.0
          ]
        ]
      }
    },
    {
      "target_id": 4,
      "picking_point": [
        497,
        103
      ],
      "approach_angle_deg": -87.61405596961119,
      "camera_pose": {
        "position_m": [
          0.2055637966747471,
          -0.18887642032556654,
          0.7514849901199341
        ],
        "orientation_rpy_deg": [
          0.0,
          0.0,
          -87.61405596961119
        ],
        "rotation_matrix": [
          [
            0.04163054471218134,
            0.9991330730923519,
            0.0
          ],
          [
            -0.9991330730923519,
            0.04163054471218134,
            -0.0
          ],
          [
            -0.0,
            0.0,
            1.0
          ]
        ]
      }
    }
  ],
  "rgb_file": "rgbd/val/strawberry/strawberry_frame_0023_rgb.png",
  "depth_file": "rgbd/val/strawberry/strawberry_frame_0023.npz"
}
