{
  "frame_name": "strawberry_frame_0040",
  "crop": "strawberry",
  "class_id": 0,
  "class_label": "strawberry",
  "annotation_schema": "decision_gt_v1",
  "primary_target_id": 1,
  "targets": [
    {
      "target_id": 1,
      "picking_point": [
        537,
        143
      ],
      "approach_angle_deg": -90.0,
      "camera_pose": {
        "position_m": [
          0.33228912684461365,
          -0.18103811239435497,
          0.9780000448226929
        ],
        "orientation_rpy_deg": [
          -95.0,
          -5.0,
          -90.0
        ],
        "rotation_matrix": [
          [
            6.099933241728101e-17,
            -0.08715574274765824,
            0.9961946980917455
          ],
          [
            -0.9961946980917455,
            -0.08682408883346517,
            -0.007596123493895914
          ],
          [
            0.08715574274765817,
            -0.9924038765061041,
            -0.08682408883346523
          ]
        ]
      }
    },
    {
      "target_id": 2,
      "picking_point": [
        530,
        167
      ],
      "approach_angle_deg": -90.0,
      "camera_pose": {
        "position_m": [
          0.2559767721790641,
          -0.11339196491669927,
          0.7800000309944152
        ],
        "orientation_rpy_deg": [
          -100.0,
          0.0,
          -90.0
        ],
        "rotation_matrix": [
          [
            6.123233995736766e-17,
            -0.1736481776669303,
            0.984807753012208
          ],
          [
            -1.0,
            -1.0632884247878855e-17,
            6.030208312509488e-17
          ],
          [
            -0.0,
            -0.984807753012208,
            -0.1736481776669303
          ]
        ]
      }
    },
    {
      "target_id": 3,
      "picking_point": [
        485,
        223
      ],
      "approach_angle_deg": -87.83892051177364,
      "camera_pose": {
        "position_m": [
          0.13267323330291547,
          -0.027539320135338403,
          0.5230000019073486
        ],
        "orientation_rpy_deg": [
          -85.0,
          0.0,
          -87.83892051177364
        ],
        "rotation_matrix": [
          [
            0.037709009900251916,
            0.08709375430258438,
            0.9954861669223857
          ],
          [
            -0.9992887623566787,
            0.00328655676613525,
            0.0375655157329201
          ],
          [
            -0.0,
            -0.9961946980917455,
            0.08715574274765814
          ]
        ]
      }
    },
    {
      "target_id": 4,
      "picking_point": [
        461,
        284
      ],
      "approach_angle_deg": -92.33730585912382,
      "camera_pose": {
        "position_m": [
          0.11189325036830677,
          0.0252817163606035,
          0.5230000019073486
        ],
        "orientation_rpy_deg": [
          -120.0,
          0.0,
          -92.33730585912382
        ],
        "rotation_matrix": [
          [
            -0.04078236951430926,
            -0.4995840265502885,
            0.865304916634939
          ],
          [
            -0.9991680531005774,
            0.02039118475715462,
            -0.03531856802591586
          ],
          [
            -0.0,
            -0.8660254037844387,
            -0.4999999999999998
          ]
        ]
      }
    },
    {
      "target_id": 5,
      "picking_point": [
        476,
        385
      ],
      "approach_angle_deg": -91.06091169026423,
      "camera_pose": {
        "position_m": [
          0.12488073970243722,
          0.112739498099786,
          0.5230000019073486
        ],
        "orientation_rpy_deg": [
          -85.0,
          -10.0,
          -91.06091169026423
        ],
        "rotation_matrix": [
          [
            -0.018234054326817527,
            0.08393788108272233,
            0.9963041460227642
          ],
          [
            -0.9846389336481474,
            -0.17457145834939,
            -0.003313046031423489
          ],
          [
            0.17364817766693033,
            -0.9810602621904069,
            0.08583165117743126
          ]
        ]
      }
    },
    {
      "target_id": 6,
      "picking_point": [
        455,
        392
      ],
      "approach_angle_deg": -90.0,
      "camera_pose": {
        "position_m": [
          0.1066982546346546,
          0.1188009285173531,
          0.5230000019073486
        ],
        "orientation_rpy_deg": [
          -100.0,
          0.0,
          -90.0
        ],
        "rotation_matrix": [
          [
            6.123233995736766e-17,
            -0.1736481776669303,
            0.984807753012208
          ],
          [
            -1.0,
            -1.0632884247878855e-17,
            6.030208312509488e-17
          ],
          [
            -0.0,
            -0.984807753012208,
            -0.1736481776669303
          ]
        ]
      }
    }
  ],
  "rgb_file": "rgbd/val/strawberry/strawberry_frame_0040_rgb.png",
  "depth_file": "rgbd/val/strawberry/strawberry_frame_0040.npz"
}
