{
  "frame_name": "strawberry_frame_0046",
  "crop": "strawberry",
  "class_id": 0,
  "class_label": "strawberry",
  "annotation_schema": "decision_gt_v1",
  "primary_target_id": 1,
  "targets": [
    {
      "target_id": 1,
      "picking_point": [
        250,
        294
      ],
      "approach_angle_deg": -82.8749836510982,
      "camera_pose": {
        "position_m": [
          -0.05333158280117578,
          0.025567622810716766,
          0.39397498965263367
        ],
        "orientation_rpy_deg": [
          -45.0,
          0.0,
          -82.8749836510982
        ],
        "rotation_matrix": [
          [
            0.12403473458920833,
            0.7016464154456235,
            0.7016464154456235
          ],
          [
            -0.9922778767136676,
            0.08770580193070283,
            0.08770580193070283
          ],
          [
            -0.0,
            -0.7071067811865476,
            0.7071067811865476
          ]
        ]
      }
    },
    {
      "target_id": 2,
      "picking_point": [
        428,
        412
      ],
      "approach_angle_deg": -90.0,
      "camera_pose": {
        "position_m": [
          0.09319339906123818,
          0.15224799011556409,
          0.5849699378013611
        ],
        "orientation_rpy_deg": [
          -80.0,
          0.0,
          -90.0
        ],
        "rotation_matrix": [
          [
            6.123233995736766e-17,
            0.17364817766693041,
            0.984807753012208
          ],
          [
            -1.0,
            1.0632884247878861e-17,
            6.030208312509488e-17
          ],
          [
            -0.0,
            -0.984807753012208,
            0.17364817766693041
          ]
        ]
      }
    },
    {
      "target_id": 3,
      "picking_point": [
        473,
        308
      ],
      "approach_angle_deg": -92.48955292199916,
      "camera_pose": {
        "position_m": [
          0.17791159194993006,
          0.06701881119305103,
          0.760919988155365
        ],
        "orientation_rpy_deg": [
          -90.0,
          0.0,
          -92.48955292199916
        ],
        "rotation_matrix": [
          [
            -0.04343722427630694,
            6.117454632489874e-17,
            0.9990561583550596
          ],
          [
            -0.9990561583550596,
            -2.65976288369125e-18,
            -0.04343722427630694
          ],
          [
            -0.0,
            -1.0,
            6.123233995736766e-17
          ]
        ]
      }
    },
    {
      "target_id": 4,
      "picking_point": [
        433,
        86
      ],
      "approach_angle_deg": -86.98721249581666,
      "camera_pose": {
        "position_m": [
          0.09611243416740838,
          -0.16028272900533494,
          0.5734950304031372
        ],
        "orientation_rpy_deg": [
          -70.0,
          0.0,
          -86.98721249581666
        ],
        "rotation_matrix": [
          [
            0.05255883312276374,
            0.3415474131158733,
            0.938393805209001
          ],
          [
            -0.9986178293325098,
            0.017976179637677565,
            0.04938914764257907
          ],
          [
            -0.0,
            -0.9396926207859083,
            0.3420201433256688
          ]
        ]
      }
    },
    {
      "target_id": 5,
      "picking_point": [
        466,
        96
      ],
      "approach_angle_deg": -90.0,
      "camera_pose": {
        "position_m": [
          0.15912026465291507,
          -0.18826647868399263,
          0.7160400152206421
        ],
        "orientation_rpy_deg": [
          -75.0,
          0.0,
          -90.0
        ],
        "rotation_matrix": [
          [
            6.123233995736766e-17,
            0.25881904510252074,
            0.9659258262890683
          ],
          [
            -1.0,
            1.5848095757158825e-17,
            5.914589856893349e-17
          ],
          [
            -0.0,
            -0.9659258262890683,
            0.25881904510252074
          ]
        ]
      }
    }
  ],
  "rgb_file": "rgbd/val/strawberry/strawberry_frame_0046_rgb.png",
  "depth_file": "rgbd/val/strawberry/strawberry_frame_0046.npz"
}
