{
  "frame_name": "strawberry_frame_0012",
  "crop": "strawberry",
  "class_id": 0,
  "class_label": "strawberry",
  "annotation_schema": "decision_gt_v1",
  "primary_target_id": 1,
  "targets": [
    {
      "target_id": 1,
      "picking_point": [
        114,
        256
      ],
      "approach_angle_deg": -86.56636963754949,
      "camera_pose": {
        "position_m": [
          -0.12493554103799683,
          0.0006864603422024146,
          0.3465449810028076
        ],
        "orientation_rpy_deg": [
          0.0,
          0.0,
          -86.56636963754949
        ],
        "rotation_matrix": [
          [
            0.05989229072794654,
            0.9982048454657787,
            0.0
          ],
          [
            -0.9982048454657787,
            0.05989229072794654,
            -0.0
          ],
          [
            -0.0,
            0.0,
            1.0
          ]
        ]
      }
    },
    {
      "target_id": 2,
      "picking_point": [
        378,
        400
      ],
      "approach_angle_deg": -90.0,
      "camera_pose": {
        "position_m": [
          0.03341323648183588,
          0.1049482548304808,
          0.4365600049495697
        ],
        "orientation_rpy_deg": [
          0.0,
          -5.0,
          -90.0
        ],
        "rotation_matrix": [
          [
            6.099933241728101e-17,
            1.0,
            -5.336750069161486e-18
          ],
          [
            -0.9961946980917455,
            6.123233995736766e-17,
            0.08715574274765817
          ],
          [
            0.08715574274765817,
            0.0,
            0.9961946980917455
          ]
        ]
      }
    },
    {
      "target_id": 3,
      "picking_point": [
        434,
        325
      ],
      "approach_angle_deg": -91.04162667600998,
      "camera_pose": {
        "position_m": [
          0.1516996102781601,
          0.10417315284901149,
          0.8963249921798706
        ],
        "orientation_rpy_deg": [
          0.0,
          0.0,
          -91.04162667600998
        ],
        "rotation_matrix": [
          [
            -0.018178813667515007,
            0.9998347517133228,
            -0.0
          ],
          [
            -0.9998347517133228,
            -0.018178813667515007,
            0.0
          ],
          [
            -0.0,
            0.0,
            1.0
          ]
        ]
      }
    }
  ],
  "rgb_file": "rgbd/val/strawberry/strawberry_frame_0012_rgb.png",
  "depth_file": "rgbd/val/strawberry/strawberry_frame_0012.npz"
}
