{
  "frame_name": "strawberry_frame_0045",
  "crop": "strawberry",
  "class_id": 0,
  "class_label": "strawberry",
  "annotation_schema": "decision_gt_v1",
  "primary_target_id": 1,
  "targets": [
    {
      "target_id": 1,
      "picking_point": [
        569,
        182
      ],
      "approach_angle_deg": -91.50743575877497,
      "camera_pose": {
        "position_m": [
          0.35092130495012464,
          -0.10770415524928453,
          0.8935199975967407
        ],
        "orientation_rpy_deg": [
          -75.0,
          0.0,
          -91.50743575877497
        ],
        "rotation_matrix": [
          [
            -0.02630668208823287,
            0.25872947283989617,
            0.9655915380540046
          ],
          [
            -0.9996539193528472,
            -0.0068086703378920175,
            -0.02541030363300017
          ],
          [
            -0.0,
            -0.9659258262890683,
            0.25881904510252074
          ]
        ]
      }
    },
    {
      "target_id": 2,
      "picking_point": [
        561,
        222
      ],
      "approach_angle_deg": -92.6025622024998,
      "camera_pose": {
        "position_m": [
          0.3205072971695655,
          -0.045869842146107564,
          0.8445599675178528
        ],
        "orientation_rpy_deg": [
          -105.0,
          0.0,
          -92.6025622024998
        ],
        "rotation_matrix": [
          [
            -0.04540766091864988,
            -0.25855208366468896,
            0.964929512639418
          ],
          [
            -0.9989685402102996,
            0.011752367439304016,
            -0.043860432392700724
          ],
          [
            -0.0,
            -0.9659258262890683,
            -0.25881904510252085
          ]
        ]
      }
    },
    {
      "target_id": 3,
      "picking_point": [
        501,
        316
      ],
      "approach_angle_deg": -90.0,
      "camera_pose": {
        "position_m": [
          0.17289012806244905,
          0.06252545976819902,
          0.6171000003814697
        ],
        "orientation_rpy_deg": [
          -105.0,
          0.0,
          -90.0
        ],
        "rotation_matrix": [
          [
            6.123233995736766e-17,
            -0.25881904510252085,
            0.9659258262890683
          ],
          [
            -1.0,
            -1.584809575715883e-17,
            5.914589856893349e-17
          ],
          [
            -0.0,
            -0.9659258262890683,
            -0.25881904510252085
          ]
        ]
      }
    },
    {
      "target_id": 4,
      "picking_point": [
        462,
        418
      ],
      "approach_angle_deg": -90.0,
      "camera_pose": {
        "position_m": [
          0.11166058430130105,
          0.13993812439042072,
          0.5179049372673035
        ],
        "orientation_rpy_deg": [
          -105.0,
          0.0,
          -90.0
        ],
        "rotation_matrix": [
          [
            6.123233995736766e-17,
            -0.25881904510252085,
            0.9659258262890683
          ],
          [
            -1.0,
            -1.584809575715883e-17,
            5.914589856893349e-17
          ],
          [
            -0.0,
            -0.9659258262890683,
            -0.25881904510252085
          ]
        ]
      }
    }
  ],
  "rgb_file": "rgbd/val/strawberry/strawberry_frame_0045_rgb.png",
  "depth_file": "rgbd/val/strawberry/strawberry_frame_0045.npz"
}
