{
  "frame_name": "strawberry_frame_0027",
  "crop": "strawberry",
  "class_id": 0,
  "class_label": "strawberry",
  "annotation_schema": "decision_gt_v1",
  "primary_target_id": 1,
  "targets": [
    {
      "target_id": 1,
      "picking_point": [
        475,
        278
      ],
      "approach_angle_deg": -86.63353933657021,
      "camera_pose": {
        "position_m": [
          0.23498810601559503,
          0.038060095201802355,
          0.9910000562667846
        ],
        "orientation_rpy_deg": [
          0.0,
          0.0,
          -86.63353933657021
        ],
        "rotation_matrix": [
          [
            0.05872202195147027,
            0.9982743731749959,
            0.0
          ],
          [
            -0.9982743731749959,
            0.05872202195147027,
            -0.0
          ],
          [
            -0.0,
            0.0,
            1.0
          ]
        ]
      }
    },
    {
      "target_id": 2,
      "picking_point": [
        470,
        323
      ],
      "approach_angle_deg": -88.31531568210372,
      "camera_pose": {
        "position_m": [
          0.11762614149978895,
          0.05803634205129894,
          0.5139999985694885
        ],
        "orientation_rpy_deg": [
          0.0,
          0.0,
          -88.31531568210372
        ],
        "rotation_matrix": [
          [
            0.029399051601892635,
            0.9995677544643531,
            0.0
          ],
          [
            -0.9995677544643531,
            0.029399051601892635,
            -0.0
          ],
          [
            -0.0,
            0.0,
            1.0
          ]
        ]
      }
    },
    {
      "target_id": 3,
      "picking_point": [
        443,
        336
      ],
      "approach_angle_deg": -90.0,
      "camera_pose": {
        "position_m": [
          0.09465095019066079,
          0.0690995700736292,
          0.5139999985694885
        ],
        "orientation_rpy_deg": [
          0.0,
          0.0,
          -90.0
        ],
        "rotation_matrix": [
          [
            6.123233995736766e-17,
            1.0,
            0.0
          ],
          [
            -1.0,
            6.123233995736766e-17,
            -0.0
          ],
          [
            -0.0,
            0.0,
            1.0
          ]
        ]
      }
    },
    {
      "target_id": 4,
      "picking_point": [
        335,
        396
      ],
      "approach_angle_deg": -85.42607874009914,
      "camera_pose": {
        "position_m": [
          0.0027501849541481504,
          0.12016062248438422,
          0.5139999985694885
        ],
        "orientation_rpy_deg": [
          0.0,
          0.0,
          -85.42607874009914
        ],
        "rotation_matrix": [
          [
            0.07974522228288984,
            0.9968152785361251,
            0.0
          ],
          [
            -0.9968152785361251,
            0.07974522228288984,
            -0.0
          ],
          [
            -0.0,
            0.0,
            1.0
          ]
        ]
      }
    },
    {
      "target_id": 5,
      "picking_point": [
        275,
        217
      ],
      "approach_angle_deg": -86.09950625761812,
      "camera_pose": {
        "position_m": [
          -0.04830579573280332,
          -0.0321715172077016,
          0.5139999985694885
        ],
        "orientation_rpy_deg": [
          0.0,
          0.0,
          -86.09950625761812
        ],
        "rotation_matrix": [
          [
            0.06802388813737767,
            0.99768369268154,
            0.0
          ],
          [
            -0.99768369268154,
            0.06802388813737767,
            -0.0
          ],
          [
            -0.0,
            0.0,
            1.0
          ]
        ]
      }
    }
  ],
  "rgb_file": "rgbd/val/strawberry/strawberry_frame_0027_rgb.png",
  "depth_file": "rgbd/val/strawberry/strawberry_frame_0027.npz"
}
