{
  "frame_name": "strawberry_frame_0026",
  "crop": "strawberry",
  "class_id": 0,
  "class_label": "strawberry",
  "annotation_schema": "decision_gt_v1",
  "primary_target_id": 1,
  "targets": [
    {
      "target_id": 1,
      "picking_point": [
        308,
        51
      ],
      "approach_angle_deg": -86.18592516570965,
      "camera_pose": {
        "position_m": [
          -0.012532223585207232,
          -0.10747063290149826,
          0.318494975566864
        ],
        "orientation_rpy_deg": [
          0.0,
          0.0,
          -86.18592516570965
        ],
        "rotation_matrix": [
          [
            0.06651901052377394,
            0.9977851578566089,
            0.0
          ],
          [
            -0.9977851578566089,
            0.06651901052377394,
            -0.0
          ],
          [
            -0.0,
            0.0,
            1.0
          ]
        ]
      }
    },
    {
      "target_id": 2,
      "picking_point": [
        362,
        263
      ],
      "approach_angle_deg": -83.48019824834302,
      "camera_pose": {
        "position_m": [
          0.021632590016393217,
          0.0058655538988125954,
          0.4322250187397003
        ],
        "orientation_rpy_deg": [
          0.0,
          0.0,
          -83.48019824834302
        ],
        "rotation_matrix": [
          [
            0.11354659116073186,
            0.9935326726564042,
            0.0
          ],
          [
            -0.9935326726564042,
            0.11354659116073186,
            -0.0
          ],
          [
            -0.0,
            0.0,
            1.0
          ]
        ]
      }
    },
    {
      "target_id": 3,
      "picking_point": [
        306,
        355
      ],
      "approach_angle_deg": -80.53767779197439,
      "camera_pose": {
        "position_m": [
          -0.020635787702150427,
          0.08024815197234685,
          0.48373496532440186
        ],
        "orientation_rpy_deg": [
          0.0,
          0.0,
          -80.53767779197439
        ],
        "rotation_matrix": [
          [
            0.1643989873053572,
            0.9863939238321437,
            0.0
          ],
          [
            -0.9863939238321437,
            0.1643989873053572,
            -0.0
          ],
          [
            -0.0,
            0.0,
            1.0
          ]
        ]
      }
    },
    {
      "target_id": 4,
      "picking_point": [
        519,
        188
      ],
      "approach_angle_deg": -88.91907581333932,
      "camera_pose": {
        "position_m": [
          0.13460681976473346,
          -0.04803192630455889,
          0.43426498770713806
        ],
        "orientation_rpy_deg": [
          0.0,
          0.0,
          -88.91907581333932
        ],
        "rotation_matrix": [
          [
            0.018864566947613612,
            0.9998220482235222,
            0.0
          ],
          [
            -0.9998220482235222,
            0.018864566947613612,
            -0.0
          ],
          [
            -0.0,
            0.0,
            1.0
          ]
        ]
      }
    },
    {
      "target_id": 5,
      "picking_point": [
        482,
        226
      ],
      "approach_angle_deg": -87.39743779750019,
      "camera_pose": {
        "position_m": [
          0.1623583845008018,
          -0.03113164852532554,
          0.6527999639511108
        ],
        "orientation_rpy_deg": [
          0.0,
          0.0,
          -87.39743779750019
        ],
        "rotation_matrix": [
          [
            0.045407660918650006,
            0.9989685402102996,
            0.0
          ],
          [
            -0.9989685402102996,
            0.045407660918650006,
            -0.0
          ],
          [
            -0.0,
            0.0,
            1.0
          ]
        ]
      }
    }
  ],
  "rgb_file": "rgbd/val/strawberry/strawberry_frame_0026_rgb.png",
  "depth_file": "rgbd/val/strawberry/strawberry_frame_0026.npz"
}
