{
  "frame_name": "strawberry_frame_0025",
  "crop": "strawberry",
  "class_id": 0,
  "class_label": "strawberry",
  "annotation_schema": "decision_gt_v1",
  "primary_target_id": 1,
  "targets": [
    {
      "target_id": 1,
      "picking_point": [
        520,
        152
      ],
      "approach_angle_deg": -87.13759477388825,
      "camera_pose": {
        "position_m": [
          0.1393783678748345,
          -0.07612957686886032,
          0.4472699761390686
        ],
        "orientation_rpy_deg": [
          0.0,
          0.0,
          -87.13759477388825
        ],
        "rotation_matrix": [
          [
            0.04993761694389225,
            0.9987523388778446,
            0.0
          ],
          [
            -0.9987523388778446,
            0.04993761694389225,
            -0.0
          ],
          [
            -0.0,
            0.0,
            1.0
          ]
        ]
      }
    },
    {
      "target_id": 2,
      "picking_point": [
        484,
        189
      ],
      "approach_angle_deg": -88.49256424122504,
      "camera_pose": {
        "position_m": [
          0.15057419799673688,
          -0.06509347058081903,
          0.5974649786949158
        ],
        "orientation_rpy_deg": [
          0.0,
          0.0,
          -88.49256424122504
        ],
        "rotation_matrix": [
          [
            0.026306682088232773,
            0.9996539193528472,
            0.0
          ],
          [
            -0.9996539193528472,
            0.026306682088232773,
            -0.0
          ],
          [
            -0.0,
            0.0,
            1.0
          ]
        ]
      }
    },
    {
      "target_id": 3,
      "picking_point": [
        369,
        233
      ],
      "approach_angle_deg": -80.53767779197439,
      "camera_pose": {
        "position_m": [
          0.026138497821788936,
          -0.015308611482111479,
          0.4240649938583374
        ],
        "orientation_rpy_deg": [
          0.0,
          0.0,
          -80.53767779197439
        ],
        "rotation_matrix": [
          [
            0.1643989873053572,
            0.9863939238321437,
            0.0
          ],
          [
            -0.9863939238321437,
            0.1643989873053572,
            -0.0
          ],
          [
            -0.0,
            0.0,
            1.0
          ]
        ]
      }
    },
    {
      "target_id": 4,
      "picking_point": [
        312,
        323
      ],
      "approach_angle_deg": -78.69006752597979,
      "camera_pose": {
        "position_m": [
          -0.015580459185640664,
          0.05375531258773278,
          0.47608497738838196
        ],
        "orientation_rpy_deg": [
          0.0,
          0.0,
          -78.69006752597979
        ],
        "rotation_matrix": [
          [
            0.196116135138184,
            0.9805806756909202,
            0.0
          ],
          [
            -0.9805806756909202,
            0.196116135138184,
            -0.0
          ],
          [
            -0.0,
            0.0,
            1.0
          ]
        ]
      }
    },
    {
      "target_id": 5,
      "picking_point": [
        315,
        28
      ],
      "approach_angle_deg": -84.28940686250037,
      "camera_pose": {
        "position_m": [
          -0.008848397707130088,
          -0.11969486005233732,
          0.3187499940395355
        ],
        "orientation_rpy_deg": [
          0.0,
          0.0,
          -84.28940686250037
        ],
        "rotation_matrix": [
          [
            0.0995037190209988,
            0.9950371902099892,
            0.0
          ],
          [
            -0.9950371902099892,
            0.0995037190209988,
            -0.0
          ],
          [
            -0.0,
            0.0,
            1.0
          ]
        ]
      }
    }
  ],
  "rgb_file": "rgbd/val/strawberry/strawberry_frame_0025_rgb.png",
  "depth_file": "rgbd/val/strawberry/strawberry_frame_0025.npz"
}
