{
  "frame_name": "strawberry_frame_0015",
  "crop": "strawberry",
  "class_id": 0,
  "class_label": "strawberry",
  "annotation_schema": "decision_gt_v1",
  "primary_target_id": 1,
  "targets": [
    {
      "target_id": 1,
      "picking_point": [
        425,
        334
      ],
      "approach_angle_deg": -88.91907581333932,
      "camera_pose": {
        "position_m": [
          0.08532897757729274,
          0.0724903754358178,
          0.552839994430542
        ],
        "orientation_rpy_deg": [
          0.0,
          -5.0,
          -88.91907581333932
        ],
        "rotation_matrix": [
          [
            0.018792781575009465,
            0.9998220482235222,
            -0.001644155343932187
          ],
          [
            -0.9960174234755024,
            0.018864566947613612,
            0.08714023322840597
          ],
          [
            0.08715574274765817,
            0.0,
            0.9961946980917455
          ]
        ]
      }
    },
    {
      "target_id": 2,
      "picking_point": [
        471,
        279
      ],
      "approach_angle_deg": -88.53119928561418,
      "camera_pose": {
        "position_m": [
          0.2179470964556356,
          0.03787967396431688,
          0.9455399513244629
        ],
        "orientation_rpy_deg": [
          0.0,
          0.0,
          -88.53119928561418
        ],
        "rotation_matrix": [
          [
            0.025632600792550832,
            0.9996714309094812,
            0.0
          ],
          [
            -0.9996714309094812,
            0.025632600792550832,
            -0.0
          ],
          [
            -0.0,
            0.0,
            1.0
          ]
        ]
      }
    },
    {
      "target_id": 3,
      "picking_point": [
        251,
        412
      ],
      "approach_angle_deg": -90.79572355273929,
      "camera_pose": {
        "position_m": [
          -0.09523199804392397,
          0.18536559956347018,
          0.712215006351471
        ],
        "orientation_rpy_deg": [
          0.0,
          -5.0,
          -90.79572355273929
        ],
        "rotation_matrix": [
          [
            -0.013834703172179878,
            0.9999035633345557,
            0.0012103796908118788
          ],
          [
            -0.9960986283969282,
            -0.013887549490758037,
            0.08714733773845326
          ],
          [
            0.08715574274765817,
            0.0,
            0.9961946980917455
          ]
        ]
      }
    },
    {
      "target_id": 4,
      "picking_point": [
        160,
        200
      ],
      "approach_angle_deg": -86.93351449887412,
      "camera_pose": {
        "position_m": [
          -0.10079281377654134,
          -0.03216172679794918,
          0.354449987411499
        ],
        "orientation_rpy_deg": [
          0.0,
          0.0,
          -86.93351449887412
        ],
        "rotation_matrix": [
          [
            0.05349472137161163,
            0.9985681322700889,
            0.0
          ],
          [
            -0.9985681322700889,
            0.05349472137161163,
            -0.0
          ],
          [
            -0.0,
            0.0,
            1.0
          ]
        ]
      }
    }
  ],
  "rgb_file": "rgbd/val/strawberry/strawberry_frame_0015_rgb.png",
  "depth_file": "rgbd/val/strawberry/strawberry_frame_0015.npz"
}
