{
  "frame_name": "strawberry_frame_0038",
  "crop": "strawberry",
  "class_id": 0,
  "class_label": "strawberry",
  "annotation_schema": "decision_gt_v1",
  "primary_target_id": 1,
  "targets": [
    {
      "target_id": 1,
      "picking_point": [
        281,
        188
      ],
      "approach_angle_deg": -95.85601358542897,
      "camera_pose": {
        "position_m": [
          -0.0512224948731074,
          -0.0674082883589423,
          0.6094500422477722
        ],
        "orientation_rpy_deg": [
          0.0,
          0.0,
          -95.85601358542897
        ],
        "rotation_matrix": [
          [
            -0.10202886549856956,
            0.9947814386110523,
            -0.0
          ],
          [
            -0.9947814386110523,
            -0.10202886549856956,
            0.0
          ],
          [
            -0.0,
            0.0,
            1.0
          ]
        ]
      }
    },
    {
      "target_id": 2,
      "picking_point": [
        342,
        203
      ],
      "approach_angle_deg": -90.0,
      "camera_pose": {
        "position_m": [
          0.008772862323140382,
          -0.04442068923235742,
          0.5179049372673035
        ],
        "orientation_rpy_deg": [
          0.0,
          0.0,
          -90.0
        ],
        "rotation_matrix": [
          [
            6.123233995736766e-17,
            1.0,
            0.0
          ],
          [
            -1.0,
            6.123233995736766e-17,
            -0.0
          ],
          [
            -0.0,
            0.0,
            1.0
          ]
        ]
      }
    }
  ],
  "rgb_file": "rgbd/val/strawberry/strawberry_frame_0038_rgb.png",
  "depth_file": "rgbd/val/strawberry/strawberry_frame_0038.npz"
}
