{
  "frame_name": "strawberry_frame_0014",
  "crop": "strawberry",
  "class_id": 0,
  "class_label": "strawberry",
  "annotation_schema": "decision_gt_v1",
  "primary_target_id": 1,
  "targets": [
    {
      "target_id": 1,
      "picking_point": [
        458,
        302
      ],
      "approach_angle_deg": -88.89829388479363,
      "camera_pose": {
        "position_m": [
          0.19610541214639052,
          0.07332842460786909,
          0.9383999705314636
        ],
        "orientation_rpy_deg": [
          0.0,
          0.0,
          -88.89829388479363
        ],
        "rotation_matrix": [
          [
            0.019227214231343145,
            0.9998151400298467,
            0.0
          ],
          [
            -0.9998151400298467,
            0.019227214231343145,
            -0.0
          ],
          [
            -0.0,
            0.0,
            1.0
          ]
        ]
      }
    },
    {
      "target_id": 2,
      "picking_point": [
        412,
        356
      ],
      "approach_angle_deg": -93.75172907052598,
      "camera_pose": {
        "position_m": [
          0.07614057500406482,
          0.09604549035394078,
          0.5732399821281433
        ],
        "orientation_rpy_deg": [
          0.0,
          0.0,
          -93.75172907052598
        ],
        "rotation_matrix": [
          [
            -0.06543324256067634,
            0.9978569490503114,
            -0.0
          ],
          [
            -0.9978569490503114,
            -0.06543324256067634,
            0.0
          ],
          [
            -0.0,
            0.0,
            1.0
          ]
        ]
      }
    },
    {
      "target_id": 3,
      "picking_point": [
        234,
        436
      ],
      "approach_angle_deg": -89.07595464722729,
      "camera_pose": {
        "position_m": [
          -0.11048865896495082,
          0.2047922618609712,
          0.6826350092887878
        ],
        "orientation_rpy_deg": [
          0.0,
          0.0,
          -89.07595464722729
        ],
        "rotation_matrix": [
          [
            0.016126934718260145,
            0.9998699525321245,
            0.0
          ],
          [
            -0.9998699525321245,
            0.016126934718260145,
            -0.0
          ],
          [
            -0.0,
            0.0,
            1.0
          ]
        ]
      }
    },
    {
      "target_id": 4,
      "picking_point": [
        141,
        226
      ],
      "approach_angle_deg": -86.8778695378843,
      "camera_pose": {
        "position_m": [
          -0.10904272093493994,
          -0.016465723340163853,
          0.34526997804641724
        ],
        "orientation_rpy_deg": [
          0.0,
          0.0,
          -86.8778695378843
        ],
        "rotation_matrix": [
          [
            0.0544644931598697,
            0.9985157079309461,
            0.0
          ],
          [
            -0.9985157079309461,
            0.0544644931598697,
            -0.0
          ],
          [
            -0.0,
            0.0,
            1.0
          ]
        ]
      }
    }
  ],
  "rgb_file": "rgbd/val/strawberry/strawberry_frame_0014_rgb.png",
  "depth_file": "rgbd/val/strawberry/strawberry_frame_0014.npz"
}
