{
  "frame_name": "strawberry_frame_0042",
  "crop": "strawberry",
  "class_id": 0,
  "class_label": "strawberry",
  "annotation_schema": "decision_gt_v1",
  "primary_target_id": 1,
  "targets": [
    {
      "target_id": 1,
      "picking_point": [
        494,
        104
      ],
      "approach_angle_deg": -87.7974018382342,
      "camera_pose": {
        "position_m": [
          0.2633329527257522,
          -0.24480686875412735,
          0.9804750084877014
        ],
        "orientation_rpy_deg": [
          -90.0,
          0.0,
          -87.7974018382342
        ],
        "rotation_matrix": [
          [
            0.03843312210120447,
            6.118709995122317e-17,
            0.9992611746313143
          ],
          [
            -0.9992611746313143,
            2.3533499981239723e-18,
            0.03843312210120447
          ],
          [
            -0.0,
            -1.0,
            6.123233995736766e-17
          ]
        ]
      }
    },
    {
      "target_id": 2,
      "picking_point": [
        487,
        134
      ],
      "approach_angle_deg": -93.09405805891711,
      "camera_pose": {
        "position_m": [
          0.23349060068884392,
          -0.18172355563147222,
          0.9085649847984314
        ],
        "orientation_rpy_deg": [
          -95.0,
          5.0,
          -93.09405805891711
        ],
        "rotation_matrix": [
          [
            -0.05376986586267749,
            -0.08234234089573275,
            0.9951525211850295
          ],
          [
            -0.9947425184595327,
            0.0914017767413105,
            -0.04618481544098592
          ],
          [
            -0.08715574274765817,
            -0.9924038765061041,
            -0.08682408883346523
          ]
        ]
      }
    },
    {
      "target_id": 3,
      "picking_point": [
        440,
        187
      ],
      "approach_angle_deg": -84.55966796899449,
      "camera_pose": {
        "position_m": [
          0.12066918395441058,
          -0.07560258706323589,
          0.673454999923706
        ],
        "orientation_rpy_deg": [
          -105.0,
          0.0,
          -84.55966796899449
        ],
        "rotation_matrix": [
          [
            0.09480909262799547,
            -0.2576531876206494,
            0.9615747869323399
          ],
          [
            -0.9954954725939522,
            -0.02453839882101424,
            0.09157855113641335
          ],
          [
            -0.0,
            -0.9659258262890683,
            -0.25881904510252085
          ]
        ]
      }
    },
    {
      "target_id": 4,
      "picking_point": [
        416,
        248
      ],
      "approach_angle_deg": -94.89909245378777,
      "camera_pose": {
        "position_m": [
          0.08111004125002527,
          -0.0065520755368258694,
          0.581654965877533
        ],
        "orientation_rpy_deg": [
          -100.0,
          0.0,
          -94.89909245378777
        ],
        "rotation_matrix": [
          [
            -0.08540114134643591,
            -0.17301377993065262,
            0.9812099046640498
          ],
          [
            -0.996346649041751,
            0.01482975256548453,
            -0.08410370611406152
          ],
          [
            -0.0,
            -0.984807753012208,
            -0.1736481776669303
          ]
        ]
      }
    },
    {
      "target_id": 5,
      "picking_point": [
        422,
        346
      ],
      "approach_angle_deg": -84.28940686250037,
      "camera_pose": {
        "position_m": [
          0.0797263778330249,
          0.08058653997622543,
          0.5337149500846863
        ],
        "orientation_rpy_deg": [
          -75.0,
          0.0,
          -84.28940686250037
        ],
        "rotation_matrix": [
          [
            0.0995037190209988,
            0.2575345754116447,
            0.9611321201419366
          ],
          [
            -0.9950371902099892,
            0.02575345754116444,
            0.09611321201419355
          ],
          [
            -0.0,
            -0.9659258262890683,
            0.25881904510252074
          ]
        ]
      }
    },
    {
      "target_id": 6,
      "picking_point": [
        398,
        359
      ],
      "approach_angle_deg": -90.0,
      "camera_pose": {
        "position_m": [
          0.056339776395588875,
          0.08864278341457456,
          0.513824999332428
        ],
        "orientation_rpy_deg": [
          -95.0,
          0.0,
          -90.0
        ],
        "rotation_matrix": [
          [
            6.123233995736766e-17,
            -0.08715574274765824,
            0.9961946980917455
          ],
          [
            -1.0,
            -5.33675006916149e-18,
            6.099933241728101e-17
          ],
          [
            -0.0,
            -0.9961946980917455,
            -0.08715574274765824
          ]
        ]
      }
    }
  ],
  "rgb_file": "rgbd/val/strawberry/strawberry_frame_0042_rgb.png",
  "depth_file": "rgbd/val/strawberry/strawberry_frame_0042.npz"
}
