{
  "frame_name": "strawberry_frame_0033",
  "crop": "strawberry",
  "class_id": 0,
  "class_label": "strawberry",
  "annotation_schema": "decision_gt_v1",
  "primary_target_id": 1,
  "targets": [
    {
      "target_id": 1,
      "picking_point": [
        224,
        254
      ],
      "approach_angle_deg": -91.63657704161672,
      "camera_pose": {
        "position_m": [
          -0.09876936047903988,
          -0.0007365620258516206,
          0.5536050200462341
        ],
        "orientation_rpy_deg": [
          0.0,
          0.0,
          -91.63657704161672
        ],
        "rotation_matrix": [
          [
            -0.028559773898876963,
            0.9995920864606948,
            -0.0
          ],
          [
            -0.9995920864606948,
            -0.028559773898876963,
            0.0
          ],
          [
            -0.0,
            0.0,
            1.0
          ]
        ]
      }
    },
    {
      "target_id": 2,
      "picking_point": [
        169,
        342
      ],
      "approach_angle_deg": -82.09283729704154,
      "camera_pose": {
        "position_m": [
          -0.15323092607850305,
          0.08209544342992696,
          0.5686500072479248
        ],
        "orientation_rpy_deg": [
          0.0,
          0.0,
          -82.09283729704154
        ],
        "rotation_matrix": [
          [
            0.13756837127468768,
            0.9904922731777516,
            0.0
          ],
          [
            -0.9904922731777516,
            0.13756837127468768,
            -0.0
          ],
          [
            -0.0,
            0.0,
            1.0
          ]
        ]
      }
    },
    {
      "target_id": 3,
      "picking_point": [
        148,
        40
      ],
      "approach_angle_deg": -81.57303097851933,
      "camera_pose": {
        "position_m": [
          -0.09627514890636789,
          -0.1125456976658582,
          0.31645500659942627
        ],
        "orientation_rpy_deg": [
          0.0,
          0.0,
          -81.57303097851933
        ],
        "rotation_matrix": [
          [
            0.14654866108946243,
            0.9892034623538708,
            0.0
          ],
          [
            -0.9892034623538708,
            0.14654866108946243,
            -0.0
          ],
          [
            -0.0,
            0.0,
            1.0
          ]
        ]
      }
    },
    {
      "target_id": 4,
      "picking_point": [
        352,
        138
      ],
      "approach_angle_deg": -90.0,
      "camera_pose": {
        "position_m": [
          0.029218878811953033,
          -0.16870378534549516,
          0.8723549842834473
        ],
        "orientation_rpy_deg": [
          0.0,
          0.0,
          -90.0
        ],
        "rotation_matrix": [
          [
            6.123233995736766e-17,
            1.0,
            0.0
          ],
          [
            -1.0,
            6.123233995736766e-17,
            -0.0
          ],
          [
            -0.0,
            0.0,
            1.0
          ]
        ]
      }
    },
    {
      "target_id": 5,
      "picking_point": [
        331,
        188
      ],
      "approach_angle_deg": -91.10170611520638,
      "camera_pose": {
        "position_m": [
          -0.001050182815181438,
          -0.09135373894258739,
          0.8259450197219849
        ],
        "orientation_rpy_deg": [
          0.0,
          0.0,
          -91.10170611520638
        ],
        "rotation_matrix": [
          [
            -0.019227214231343243,
            0.9998151400298467,
            -0.0
          ],
          [
            -0.9998151400298467,
            -0.019227214231343243,
            0.0
          ],
          [
            -0.0,
            0.0,
            1.0
          ]
        ]
      }
    },
    {
      "target_id": 6,
      "picking_point": [
        362,
        171
      ],
      "approach_angle_deg": -88.53119928561418,
      "camera_pose": {
        "position_m": [
          0.03244250177601615,
          -0.08994017545821069,
          0.6482099890708923
        ],
        "orientation_rpy_deg": [
          0.0,
          0.0,
          -88.53119928561418
        ],
        "rotation_matrix": [
          [
            0.025632600792550832,
            0.9996714309094812,
            0.0
          ],
          [
            -0.9996714309094812,
            0.025632600792550832,
            -0.0
          ],
          [
            -0.0,
            0.0,
            1.0
          ]
        ]
      }
    }
  ],
  "rgb_file": "rgbd/val/strawberry/strawberry_frame_0033_rgb.png",
  "depth_file": "rgbd/val/strawberry/strawberry_frame_0033.npz"
}
