{
  "frame_name": "strawberry_frame_0048",
  "crop": "strawberry",
  "class_id": 0,
  "class_label": "strawberry",
  "annotation_schema": "decision_gt_v1",
  "primary_target_id": 1,
  "targets": [
    {
      "target_id": 1,
      "picking_point": [
        297,
        286
      ],
      "approach_angle_deg": -78.17851165939275,
      "camera_pose": {
        "position_m": [
          -0.024203225734284666,
          0.021719052165765827,
          0.42049500346183777
        ],
        "orientation_rpy_deg": [
          -60.0,
          0.0,
          -78.17851165939275
        ],
        "rotation_matrix": [
          [
            0.2048631541226932,
            0.4893953126264345,
            0.8476575464550388
          ],
          [
            -0.9787906252528688,
            0.10243157706134663,
            0.17741669576965907
          ],
          [
            -0.0,
            -0.8660254037844386,
            0.5000000000000001
          ]
        ]
      }
    },
    {
      "target_id": 2,
      "picking_point": [
        542,
        419
      ],
      "approach_angle_deg": -93.57633437499736,
      "camera_pose": {
        "position_m": [
          0.3604160927633235,
          0.28152192667578113,
          1.0355550050735474
        ],
        "orientation_rpy_deg": [
          -75.0,
          0.0,
          -93.57633437499736
        ],
        "rotation_matrix": [
          [
            -0.06237828615518063,
            0.25831501532504986,
            0.9640447615510193
          ],
          [
            -0.9980525784828885,
            -0.01614468845781564,
            -0.0602527975969388
          ],
          [
            -0.0,
            -0.9659258262890683,
            0.25881904510252074
          ]
        ]
      }
    },
    {
      "target_id": 3,
      "picking_point": [
        603,
        299
      ],
      "approach_angle_deg": -92.2025981617658,
      "camera_pose": {
        "position_m": [
          0.25659911941655933,
          0.041816187730462744,
          0.5714550018310547
        ],
        "orientation_rpy_deg": [
          -90.0,
          0.0,
          -92.2025981617658
        ],
        "rotation_matrix": [
          [
            -0.038433122101204344,
            6.118709995122317e-17,
            0.9992611746313143
          ],
          [
            -0.9992611746313143,
            -2.353349998123965e-18,
            -0.038433122101204344
          ],
          [
            -0.0,
            -1.0,
            6.123233995736766e-17
          ]
        ]
      }
    },
    {
      "target_id": 4,
      "picking_point": [
        611,
        247
      ],
      "approach_angle_deg": -88.02506598911803,
      "camera_pose": {
        "position_m": [
          0.2641675229491529,
          -0.00738332205438727,
          0.5714550018310547
        ],
        "orientation_rpy_deg": [
          -90.0,
          0.0,
          -88.02506598911803
        ],
        "rotation_matrix": [
          [
            0.03446227583977866,
            6.119596790785164e-17,
            0.9994059993535875
          ],
          [
            -0.9994059993535875,
            2.110205789925905e-18,
            0.03446227583977866
          ],
          [
            -0.0,
            -1.0,
            6.123233995736766e-17
          ]
        ]
      }
    },
    {
      "target_id": 5,
      "picking_point": [
        549,
        39
      ],
      "approach_angle_deg": -90.0,
      "camera_pose": {
        "position_m": [
          0.35490090987506023,
          -0.35260233654360684,
          0.9868499636650085
        ],
        "orientation_rpy_deg": [
          -85.0,
          0.0,
          -90.0
        ],
        "rotation_matrix": [
          [
            6.123233995736766e-17,
            0.08715574274765814,
            0.9961946980917455
          ],
          [
            -1.0,
            5.336750069161484e-18,
            6.099933241728101e-17
          ],
          [
            -0.0,
            -0.9961946980917455,
            0.08715574274765814
          ]
        ]
      }
    },
    {
      "target_id": 6,
      "picking_point": [
        601,
        47
      ],
      "approach_angle_deg": -85.42607874009914,
      "camera_pose": {
        "position_m": [
          0.25470701853341093,
          -0.19661220584227196,
          0.5714550018310547
        ],
        "orientation_rpy_deg": [
          -90.0,
          0.0,
          -85.42607874009914
        ],
        "rotation_matrix": [
          [
            0.07974522228288984,
            6.103733201002215e-17,
            0.9968152785361251
          ],
          [
            -0.9968152785361251,
            4.8829865608017614e-18,
            0.07974522228288984
          ],
          [
            -0.0,
            -1.0,
            6.123233995736766e-17
          ]
        ]
      }
    }
  ],
  "rgb_file": "rgbd/val/strawberry/strawberry_frame_0048_rgb.png",
  "depth_file": "rgbd/val/strawberry/strawberry_frame_0048.npz"
}
