{
  "frame_name": "strawberry_frame_0050",
  "crop": "strawberry",
  "class_id": 0,
  "class_label": "strawberry",
  "annotation_schema": "decision_gt_v1",
  "primary_target_id": 1,
  "targets": [
    {
      "target_id": 1,
      "picking_point": [
        488,
        98
      ],
      "approach_angle_deg": -93.3664606634298,
      "camera_pose": {
        "position_m": [
          0.1478692698855309,
          -0.14842503960550782,
          0.5717099905014038
        ],
        "orientation_rpy_deg": [
          -80.0,
          0.0,
          -93.3664606634298
        ],
        "rotation_matrix": [
          [
            -0.05872202195147037,
            0.1733485257134353,
            0.9831083423361381
          ],
          [
            -0.9982743731749959,
            -0.010196972100790314,
            -0.05782990249036109
          ],
          [
            -0.0,
            -0.984807753012208,
            0.17364817766693041
          ]
        ]
      }
    },
    {
      "target_id": 2,
      "picking_point": [
        534,
        109
      ],
      "approach_angle_deg": -90.0,
      "camera_pose": {
        "position_m": [
          0.2467289445322494,
          -0.1779023374327388,
          0.7369500398635864
        ],
        "orientation_rpy_deg": [
          -95.0,
          0.0,
          -90.0
        ],
        "rotation_matrix": [
          [
            6.123233995736766e-17,
            -0.08715574274765824,
            0.9961946980917455
          ],
          [
            -1.0,
            -5.33675006916149e-18,
            6.099933241728101e-17
          ],
          [
            -0.0,
            -0.9961946980917455,
            -0.08715574274765824
          ]
        ]
      }
    },
    {
      "target_id": 3,
      "picking_point": [
        551,
        298
      ],
      "approach_angle_deg": -90.0,
      "camera_pose": {
        "position_m": [
          0.3144848201420903,
          0.061970730816971784,
          0.8664900064468384
        ],
        "orientation_rpy_deg": [
          -90.0,
          0.0,
          -90.0
        ],
        "rotation_matrix": [
          [
            6.123233995736766e-17,
            6.123233995736766e-17,
            1.0
          ],
          [
            -1.0,
            3.749399456654644e-33,
            6.123233995736766e-17
          ],
          [
            -0.0,
            -1.0,
            6.123233995736766e-17
          ]
        ]
      }
    },
    {
      "target_id": 4,
      "picking_point": [
        542,
        345
      ],
      "approach_angle_deg": -91.78991060824607,
      "camera_pose": {
        "position_m": [
          0.27983058163335683,
          0.12006842784724706,
          0.804015040397644
        ],
        "orientation_rpy_deg": [
          -105.0,
          0.0,
          -91.78991060824607
        ],
        "rotation_matrix": [
          [
            -0.031234752377721248,
            -0.2586927611012959,
            0.9654545279803137
          ],
          [
            -0.9995120760870788,
            0.008084148784415506,
            -0.03017045399938484
          ],
          [
            -0.0,
            -0.9659258262890683,
            -0.25881904510252085
          ]
        ]
      }
    },
    {
      "target_id": 5,
      "picking_point": [
        159,
        384
      ],
      "approach_angle_deg": -85.13548556223948,
      "camera_pose": {
        "position_m": [
          -0.09065817627130578,
          0.06780116735065839,
          0.3169650137424469
        ],
        "orientation_rpy_deg": [
          -40.0,
          0.0,
          -85.13548556223948
        ],
        "rotation_matrix": [
          [
            0.08479983040050873,
            0.7632851565549631,
            0.640472293348362
          ],
          [
            -0.9963980072059784,
            0.06496043885574149,
            0.05450828028496693
          ],
          [
            -0.0,
            -0.6427876096865393,
            0.766044443118978
          ]
        ]
      }
    }
  ],
  "rgb_file": "rgbd/val/strawberry/strawberry_frame_0050_rgb.png",
  "depth_file": "rgbd/val/strawberry/strawberry_frame_0050.npz"
}
