{
  "frame_name": "strawberry_frame_0041",
  "crop": "strawberry",
  "class_id": 0,
  "class_label": "strawberry",
  "annotation_schema": "decision_gt_v1",
  "primary_target_id": 1,
  "targets": [
    {
      "target_id": 1,
      "picking_point": [
        504,
        123
      ],
      "approach_angle_deg": -84.95754893082909,
      "camera_pose": {
        "position_m": [
          0.28684283586097375,
          -0.21953341245374533,
          1.00600004196167
        ],
        "orientation_rpy_deg": [
          -90.0,
          0.0,
          -84.95754893082909
        ],
        "rotation_matrix": [
          [
            0.08789381029635712,
            6.099536161843579e-17,
            0.996129850025381
          ],
          [
            -0.996129850025381,
            5.381943672214921e-18,
            0.08789381029635712
          ],
          [
            -0.0,
            -1.0,
            6.123233995736766e-17
          ]
        ]
      }
    },
    {
      "target_id": 2,
      "picking_point": [
        496,
        147
      ],
      "approach_angle_deg": -86.30861401354873,
      "camera_pose": {
        "position_m": [
          0.20092519235359768,
          -0.13190251131270544,
          0.7390000224113464
        ],
        "orientation_rpy_deg": [
          -85.0,
          0.0,
          -86.30861401354873
        ],
        "rotation_matrix": [
          [
            0.06438227799796493,
            0.08697492150983221,
            0.9941279018859451
          ],
          [
            -0.9979253089684582,
            0.0056112852586988424,
            0.06413728399264151
          ],
          [
            -0.0,
            -0.9961946980917455,
            0.08715574274765814
          ]
        ]
      }
    },
    {
      "target_id": 3,
      "picking_point": [
        454,
        203
      ],
      "approach_angle_deg": -85.33314162856101,
      "camera_pose": {
        "position_m": [
          0.10805835045243163,
          -0.04580116558092154,
          0.534000039100647
        ],
        "orientation_rpy_deg": [
          -110.0,
          0.0,
          -85.33314162856101
        ],
        "rotation_matrix": [
          [
            0.08136200945490668,
            -0.3408862151541375,
            0.9365771787393429
          ],
          [
            -0.996684615822608,
            -0.027827446135031596,
            0.07645527989708913
          ],
          [
            -0.0,
            -0.9396926207859084,
            -0.3420201433256687
          ]
        ]
      }
    },
    {
      "target_id": 4,
      "picking_point": [
        430,
        262
      ],
      "approach_angle_deg": -94.15964229371264,
      "camera_pose": {
        "position_m": [
          0.0868413109512394,
          0.006362571109259658,
          0.534000039100647
        ],
        "orientation_rpy_deg": [
          -120.0,
          0.0,
          -94.15964229371264
        ],
        "rotation_matrix": [
          [
            -0.07253569577882127,
            -0.4986829084793967,
            0.863744134352536
          ],
          [
            -0.9973658169587939,
            0.03626784788941062,
            -0.0628177552256389
          ],
          [
            -0.0,
            -0.8660254037844387,
            -0.4999999999999998
          ]
        ]
      }
    },
    {
      "target_id": 5,
      "picking_point": [
        438,
        357
      ],
      "approach_angle_deg": -90.0,
      "camera_pose": {
        "position_m": [
          0.09391365745163681,
          0.09035502849175481,
          0.534000039100647
        ],
        "orientation_rpy_deg": [
          -110.0,
          -15.0,
          -90.0
        ],
        "rotation_matrix": [
          [
            5.914589856893349e-17,
            -0.3420201433256687,
            0.9396926207859084
          ],
          [
            -0.9659258262890683,
            -0.24321034680169398,
            -0.0885213269013768
          ],
          [
            0.25881904510252074,
            -0.9076733711903687,
            -0.33036608954935215
          ]
        ]
      }
    },
    {
      "target_id": 6,
      "picking_point": [
        415,
        369
      ],
      "approach_angle_deg": -85.23635830927383,
      "camera_pose": {
        "position_m": [
          0.07358066126299426,
          0.10096460205585946,
          0.534000039100647
        ],
        "orientation_rpy_deg": [
          -105.0,
          0.0,
          -85.23635830927383
        ],
        "rotation_matrix": [
          [
            0.08304547985374004,
            -0.2579250215499073,
            0.9625892849675514
          ],
          [
            -0.9965457582448796,
            -0.02149375179582563,
            0.08021577374729602
          ],
          [
            -0.0,
            -0.9659258262890683,
            -0.25881904510252085
          ]
        ]
      }
    }
  ],
  "rgb_file": "rgbd/val/strawberry/strawberry_frame_0041_rgb.png",
  "depth_file": "rgbd/val/strawberry/strawberry_frame_0041.npz"
}
