{
  "frame_name": "strawberry_frame_0049",
  "crop": "strawberry",
  "class_id": 0,
  "class_label": "strawberry",
  "annotation_schema": "decision_gt_v1",
  "primary_target_id": 1,
  "targets": [
    {
      "target_id": 1,
      "picking_point": [
        514,
        81
      ],
      "approach_angle_deg": -86.63353933657021,
      "camera_pose": {
        "position_m": [
          0.18870983203560535,
          -0.17999972894983374,
          0.6255149841308594
        ],
        "orientation_rpy_deg": [
          -65.0,
          0.0,
          -86.63353933657021
        ],
        "rotation_matrix": [
          [
            0.05872202195147027,
            0.42188898033150307,
            0.9047438380076294
          ],
          [
            -0.9982743731749959,
            0.02481699884302956,
            0.0532202257651546
          ],
          [
            -0.0,
            -0.9063077870366499,
            0.42261826174069944
          ]
        ]
      }
    },
    {
      "target_id": 2,
      "picking_point": [
        553,
        93
      ],
      "approach_angle_deg": -84.47245984834383,
      "camera_pose": {
        "position_m": [
          0.2963400692399034,
          -0.21675732978583817,
          0.8091149926185608
        ],
        "orientation_rpy_deg": [
          -65.0,
          0.0,
          -84.47245984834383
        ],
        "rotation_matrix": [
          [
            0.09632419486019031,
            0.4206530925523225,
            0.9020934681122035
          ],
          [
            -0.9953500135553001,
            0.040708363795386046,
            0.08729936788182613
          ],
          [
            -0.0,
            -0.9063077870366499,
            0.42261826174069944
          ]
        ]
      }
    },
    {
      "target_id": 3,
      "picking_point": [
        567,
        281
      ],
      "approach_angle_deg": -85.60129464500447,
      "camera_pose": {
        "position_m": [
          0.3621633734051986,
          0.04033602791294156,
          0.929984986782074
        ],
        "orientation_rpy_deg": [
          -95.0,
          0.0,
          -85.60129464500447
        ],
        "rotation_matrix": [
          [
            0.07669649888473697,
            -0.08689902424377459,
            0.9932603921652687
          ],
          [
            -0.9970544855015816,
            -0.006684540326444192,
            0.07640464555117445
          ],
          [
            -0.0,
            -0.9961946980917455,
            -0.08715574274765824
          ]
        ]
      }
    },
    {
      "target_id": 4,
      "picking_point": [
        559,
        327
      ],
      "approach_angle_deg": -91.54815769897796,
      "camera_pose": {
        "position_m": [
          0.3371841742264802,
          0.1071412006784629,
          0.8963249921798706
        ],
        "orientation_rpy_deg": [
          -110.0,
          0.0,
          -91.54815769897796
        ],
        "rotation_matrix": [
          [
            -0.027017161347914872,
            -0.34189529566926385,
            0.9393496046690644
          ],
          [
            -0.9996349698728535,
            0.009240413396466562,
            -0.02538782715321787
          ],
          [
            -0.0,
            -0.9396926207859084,
            -0.3420201433256687
          ]
        ]
      }
    },
    {
      "target_id": 5,
      "picking_point": [
        505,
        453
      ],
      "approach_angle_deg": -91.39718102729638,
      "camera_pose": {
        "position_m": [
          0.18867751785996054,
          0.21588926618205662,
          0.6578999757766724
        ],
        "orientation_rpy_deg": [
          -100.0,
          0.0,
          -91.39718102729638
        ],
        "rotation_matrix": [
          [
            -0.024382992454708634,
            -0.1735965504388926,
            0.9845149604524406
          ],
          [
            -0.99970269064305,
            0.004234062205826666,
            -0.024012560011035234
          ],
          [
            -0.0,
            -0.984807753012208,
            -0.1736481776669303
          ]
        ]
      }
    },
    {
      "target_id": 6,
      "picking_point": [
        263,
        322
      ],
      "approach_angle_deg": -82.74680538727468,
      "camera_pose": {
        "position_m": [
          -0.04168823404676331,
          0.04073953762947898,
          0.3661800026893616
        ],
        "orientation_rpy_deg": [
          -90.0,
          0.0,
          -82.74680538727468
        ],
        "rotation_matrix": [
          [
            0.12625427967391506,
            6.074235336765943e-17,
            0.991997911723619
          ],
          [
            -0.991997911723619,
            7.73084497406574e-18,
            0.12625427967391506
          ],
          [
            -0.0,
            -1.0,
            6.123233995736766e-17
          ]
        ]
      }
    }
  ],
  "rgb_file": "rgbd/val/strawberry/strawberry_frame_0049_rgb.png",
  "depth_file": "rgbd/val/strawberry/strawberry_frame_0049.npz"
}
