{
  "frame_name": "strawberry_frame_0020",
  "crop": "strawberry",
  "class_id": 0,
  "class_label": "strawberry",
  "annotation_schema": "decision_gt_v1",
  "primary_target_id": 1,
  "targets": [
    {
      "target_id": 1,
      "picking_point": [
        500,
        215
      ],
      "approach_angle_deg": -88.83086067209258,
      "camera_pose": {
        "position_m": [
          0.25574317825348386,
          -0.06051470404199615,
          0.9182549715042114
        ],
        "orientation_rpy_deg": [
          0.0,
          0.0,
          -88.83086067209258
        ],
        "rotation_matrix": [
          [
            0.020403914662519222,
            0.9997918184634462,
            0.0
          ],
          [
            -0.9997918184634462,
            0.020403914662519222,
            -0.0
          ],
          [
            -0.0,
            0.0,
            1.0
          ]
        ]
      }
    },
    {
      "target_id": 2,
      "picking_point": [
        460,
        266
      ],
      "approach_angle_deg": -89.04515874612783,
      "camera_pose": {
        "position_m": [
          0.1023129294936418,
          0.008934210939385052,
          0.48194998502731323
        ],
        "orientation_rpy_deg": [
          0.0,
          -5.0,
          -89.04515874612783
        ],
        "rotation_matrix": [
          [
            0.016600939442256855,
            0.9998611400395999,
            -0.0014523940050778501
          ],
          [
            -0.9960563665354177,
            0.016664352333993222,
            0.08714364030467159
          ],
          [
            0.08715574274765817,
            0.0,
            0.9961946980917455
          ]
        ]
      }
    },
    {
      "target_id": 3,
      "picking_point": [
        281,
        345
      ],
      "approach_angle_deg": -90.76389846093001,
      "camera_pose": {
        "position_m": [
          -0.056923400311864505,
          0.10114231031210039,
          0.6772799491882324
        ],
        "orientation_rpy_deg": [
          0.0,
          -5.0,
          -90.76389846093001
        ],
        "rotation_matrix": [
          [
            -0.013281415456759186,
            0.9999111229612074,
            0.0011619732880444105
          ],
          [
            -0.9961061592569183,
            -0.013332148306149708,
            0.08714799660332899
          ],
          [
            0.08715574274765817,
            0.0,
            0.9961946980917455
          ]
        ]
      }
    },
    {
      "target_id": 4,
      "picking_point": [
        200,
        138
      ],
      "approach_angle_deg": -85.79464299829141,
      "camera_pose": {
        "position_m": [
          -0.08188234971152081,
          -0.07259046032179844,
          0.37535998225212097
        ],
        "orientation_rpy_deg": [
          0.0,
          0.0,
          -85.79464299829141
        ],
        "rotation_matrix": [
          [
            0.0733314430360542,
            0.9973076252903363,
            0.0
          ],
          [
            -0.9973076252903363,
            0.0733314430360542,
            -0.0
          ],
          [
            -0.0,
            0.0,
            1.0
          ]
        ]
      }
    }
  ],
  "rgb_file": "rgbd/val/strawberry/strawberry_frame_0020_rgb.png",
  "depth_file": "rgbd/val/strawberry/strawberry_frame_0020.npz"
}
