{
  "frame_name": "strawberry_frame_0047",
  "crop": "strawberry",
  "class_id": 0,
  "class_label": "strawberry",
  "annotation_schema": "decision_gt_v1",
  "primary_target_id": 1,
  "targets": [
    {
      "target_id": 1,
      "picking_point": [
        439,
        95
      ],
      "approach_angle_deg": -84.95754893082909,
      "camera_pose": {
        "position_m": [
          0.0996813668838488,
          -0.14856598663016,
          0.5615099668502808
        ],
        "orientation_rpy_deg": [
          -85.0,
          0.0,
          -84.95754893082909
        ],
        "rotation_matrix": [
          [
            0.08789381029635712,
            0.08681843695207539,
            0.9923392752062102
          ],
          [
            -0.996129850025381,
            0.007660450319300767,
            0.08755934781231264
          ],
          [
            -0.0,
            -0.9961946980917455,
            0.08715574274765814
          ]
        ]
      }
    },
    {
      "target_id": 2,
      "picking_point": [
        472,
        104
      ],
      "approach_angle_deg": -87.7974018382342,
      "camera_pose": {
        "position_m": [
          0.16741673698788306,
          -0.18005561633513298,
          0.7211400270462036
        ],
        "orientation_rpy_deg": [
          -80.0,
          0.0,
          -87.7974018382342
        ],
        "rotation_matrix": [
          [
            0.03843312210120447,
            0.17351988198804405,
            0.9840801520610042
          ],
          [
            -0.9992611746313143,
            0.006673841614924784,
            0.03784923661773101
          ],
          [
            -0.0,
            -0.984807753012208,
            0.17364817766693041
          ]
        ]
      }
    },
    {
      "target_id": 3,
      "picking_point": [
        255,
        303
      ],
      "approach_angle_deg": -82.14668669802178,
      "camera_pose": {
        "position_m": [
          -0.044787919936947106,
          0.02812148842405572,
          0.3524099886417389
        ],
        "orientation_rpy_deg": [
          -55.0,
          0.0,
          -82.14668669802178
        ],
        "rotation_matrix": [
          [
            0.13663739713703096,
            0.5681969370855213,
            0.8114693231356619
          ],
          [
            -0.9906211292434748,
            0.07837199132214084,
            0.11192680319112575
          ],
          [
            -0.0,
            -0.8191520442889918,
            0.573576436351046
          ]
        ]
      }
    },
    {
      "target_id": 4,
      "picking_point": [
        487,
        275
      ],
      "approach_angle_deg": -90.0,
      "camera_pose": {
        "position_m": [
          0.20203523240518453,
          0.02628834835509204,
          0.7861649990081787
        ],
        "orientation_rpy_deg": [
          -75.0,
          0.0,
          -90.0
        ],
        "rotation_matrix": [
          [
            6.123233995736766e-17,
            0.25881904510252074,
            0.9659258262890683
          ],
          [
            -1.0,
            1.5848095757158825e-17,
            5.914589856893349e-17
          ],
          [
            -0.0,
            -0.9659258262890683,
            0.25881904510252074
          ]
        ]
      }
    },
    {
      "target_id": 5,
      "picking_point": [
        480,
        312
      ],
      "approach_angle_deg": -95.52754015165618,
      "camera_pose": {
        "position_m": [
          0.18328783606527702,
          0.07073000668428302,
          0.7468949556350708
        ],
        "orientation_rpy_deg": [
          -105.0,
          0.0,
          -95.52754015165618
        ],
        "rotation_matrix": [
          [
            -0.0963241948601904,
            -0.25761554005116394,
            0.9614342842902386
          ],
          [
            -0.9953500135553001,
            0.02493053613398363,
            -0.09304202751195864
          ],
          [
            -0.0,
            -0.9659258262890683,
            -0.25881904510252085
          ]
        ]
      }
    },
    {
      "target_id": 6,
      "picking_point": [
        439,
        419
      ],
      "approach_angle_deg": -90.0,
      "camera_pose": {
        "position_m": [
          0.10298598377981796,
          0.15771051894267704,
          0.5801250338554382
        ],
        "orientation_rpy_deg": [
          -90.0,
          0.0,
          -90.0
        ],
        "rotation_matrix": [
          [
            6.123233995736766e-17,
            6.123233995736766e-17,
            1.0
          ],
          [
            -1.0,
            3.749399456654644e-33,
            6.123233995736766e-17
          ],
          [
            -0.0,
            -1.0,
            6.123233995736766e-17
          ]
        ]
      }
    }
  ],
  "rgb_file": "rgbd/val/strawberry/strawberry_frame_0047_rgb.png",
  "depth_file": "rgbd/val/strawberry/strawberry_frame_0047.npz"
}
