{
  "frame_name": "strawberry_frame_0035",
  "crop": "strawberry",
  "class_id": 0,
  "class_label": "strawberry",
  "annotation_schema": "decision_gt_v1",
  "primary_target_id": 1,
  "targets": [
    {
      "target_id": 1,
      "picking_point": [
        195,
        105
      ],
      "approach_angle_deg": -79.46081627137177,
      "camera_pose": {
        "position_m": [
          -0.0851626318521254,
          -0.09328886759498173,
          0.3761250078678131
        ],
        "orientation_rpy_deg": [
          0.0,
          0.0,
          -79.46081627137177
        ],
        "rotation_matrix": [
          [
            0.1829079161829925,
            0.9831300494835845,
            0.0
          ],
          [
            -0.9831300494835845,
            0.1829079161829925,
            -0.0
          ],
          [
            -0.0,
            0.0,
            1.0
          ]
        ]
      }
    },
    {
      "target_id": 2,
      "picking_point": [
        281,
        117
      ],
      "approach_angle_deg": -87.20729763428672,
      "camera_pose": {
        "position_m": [
          -0.0409565598363764,
          -0.11118258734613437,
          0.4873049855232239
        ],
        "orientation_rpy_deg": [
          0.0,
          0.0,
          -87.20729763428672
        ],
        "rotation_matrix": [
          [
            0.048722553713409646,
            0.9988123511248966,
            0.0
          ],
          [
            -0.9988123511248966,
            0.048722553713409646,
            -0.0
          ],
          [
            -0.0,
            0.0,
            1.0
          ]
        ]
      }
    },
    {
      "target_id": 3,
      "picking_point": [
        613,
        180
      ],
      "approach_angle_deg": -78.02386755579664,
      "camera_pose": {
        "position_m": [
          0.24480809728124017,
          -0.06512184139813816,
          0.5258100032806396
        ],
        "orientation_rpy_deg": [
          0.0,
          0.0,
          -78.02386755579664
        ],
        "rotation_matrix": [
          [
            0.20750420835506336,
            0.9782341251024411,
            0.0
          ],
          [
            -0.9782341251024411,
            0.20750420835506336,
            -0.0
          ],
          [
            -0.0,
            0.0,
            1.0
          ]
        ]
      }
    },
    {
      "target_id": 4,
      "picking_point": [
        554,
        207
      ],
      "approach_angle_deg": -72.25532837494306,
      "camera_pose": {
        "position_m": [
          0.19344950514810869,
          -0.04161642214784599,
          0.5258100032806396
        ],
        "orientation_rpy_deg": [
          0.0,
          0.0,
          -72.25532837494306
        ],
        "rotation_matrix": [
          [
            0.30477572710378376,
            0.9524241471993242,
            0.0
          ],
          [
            -0.9524241471993242,
            0.30477572710378376,
            -0.0
          ],
          [
            -0.0,
            0.0,
            1.0
          ]
        ]
      }
    }
  ],
  "rgb_file": "rgbd/val/strawberry/strawberry_frame_0035_rgb.png",
  "depth_file": "rgbd/val/strawberry/strawberry_frame_0035.npz"
}
