{
  "frame_name": "strawberry_frame_0029",
  "crop": "strawberry",
  "class_id": 0,
  "class_label": "strawberry",
  "annotation_schema": "decision_gt_v1",
  "primary_target_id": 1,
  "targets": [
    {
      "target_id": 1,
      "picking_point": [
        286,
        207
      ],
      "approach_angle_deg": -84.14398641457105,
      "camera_pose": {
        "position_m": [
          -0.03258089366949076,
          -0.034033323271878725,
          0.4300000071525574
        ],
        "orientation_rpy_deg": [
          0.0,
          0.0,
          -84.14398641457105
        ],
        "rotation_matrix": [
          [
            0.10202886549856945,
            0.9947814386110523,
            0.0
          ],
          [
            -0.9947814386110523,
            0.10202886549856945,
            -0.0
          ],
          [
            -0.0,
            0.0,
            1.0
          ]
        ]
      }
    },
    {
      "target_id": 2,
      "picking_point": [
        466,
        261
      ],
      "approach_angle_deg": -85.76360520094116,
      "camera_pose": {
        "position_m": [
          0.09555571404453798,
          0.004411477636007109,
          0.4300000071525574
        ],
        "orientation_rpy_deg": [
          0.0,
          0.0,
          -85.76360520094116
        ],
        "rotation_matrix": [
          [
            0.0738716855153118,
            0.997267754456709,
            0.0
          ],
          [
            -0.997267754456709,
            0.0738716855153118,
            -0.0
          ],
          [
            -0.0,
            0.0,
            1.0
          ]
        ]
      }
    },
    {
      "target_id": 3,
      "picking_point": [
        458,
        297
      ],
      "approach_angle_deg": -88.78112476486871,
      "camera_pose": {
        "position_m": [
          0.08986075370169226,
          0.030041344907931,
          0.4300000071525574
        ],
        "orientation_rpy_deg": [
          0.0,
          0.0,
          -88.78112476486871
        ],
        "rotation_matrix": [
          [
            0.021271781490575747,
            0.999773730057065,
            0.0
          ],
          [
            -0.999773730057065,
            0.021271781490575747,
            -0.0
          ],
          [
            -0.0,
            0.0,
            1.0
          ]
        ]
      }
    },
    {
      "target_id": 4,
      "picking_point": [
        439,
        307
      ],
      "approach_angle_deg": -92.72631099390628,
      "camera_pose": {
        "position_m": [
          0.13491807500322034,
          0.06567947274004282,
          0.7600000500679016
        ],
        "orientation_rpy_deg": [
          0.0,
          0.0,
          -92.72631099390628
        ],
        "rotation_matrix": [
          [
            -0.04756514941544974,
            0.9988681377244375,
            -0.0
          ],
          [
            -0.9988681377244375,
            -0.04756514941544974,
            0.0
          ],
          [
            -0.0,
            0.0,
            1.0
          ]
        ]
      }
    },
    {
      "target_id": 5,
      "picking_point": [
        337,
        359
      ],
      "approach_angle_deg": -85.68397248013439,
      "camera_pose": {
        "position_m": [
          0.0037244785161507166,
          0.07418167187624436,
          0.4300000071525574
        ],
        "orientation_rpy_deg": [
          0.0,
          0.0,
          -85.68397248013439
        ],
        "rotation_matrix": [
          [
            0.07525766947068754,
            0.9971641204866132,
            0.0
          ],
          [
            -0.9971641204866132,
            0.07525766947068754,
            -0.0
          ],
          [
            -0.0,
            0.0,
            1.0
          ]
        ]
      }
    },
    {
      "target_id": 6,
      "picking_point": [
        291,
        431
      ],
      "approach_angle_deg": -79.8244891569568,
      "camera_pose": {
        "position_m": [
          -0.029021543455212184,
          0.12544140642009213,
          0.4300000071525574
        ],
        "orientation_rpy_deg": [
          0.0,
          0.0,
          -79.8244891569568
        ],
        "rotation_matrix": [
          [
            0.17666406279377406,
            0.9842712069938842,
            0.0
          ],
          [
            -0.9842712069938842,
            0.17666406279377406,
            -0.0
          ],
          [
            -0.0,
            0.0,
            1.0
          ]
        ]
      }
    }
  ],
  "rgb_file": "rgbd/val/strawberry/strawberry_frame_0029_rgb.png",
  "depth_file": "rgbd/val/strawberry/strawberry_frame_0029.npz"
}
