{
  "frame_name": "strawberry_frame_0034",
  "crop": "strawberry",
  "class_id": 0,
  "class_label": "strawberry",
  "annotation_schema": "decision_gt_v1",
  "primary_target_id": 1,
  "targets": [
    {
      "target_id": 1,
      "picking_point": [
        366,
        156
      ],
      "approach_angle_deg": -84.28940686250037,
      "camera_pose": {
        "position_m": [
          0.05241454556449874,
          -0.15129893313555617,
          0.9248850345611572
        ],
        "orientation_rpy_deg": [
          0.0,
          0.0,
          -84.28940686250037
        ],
        "rotation_matrix": [
          [
            0.0995037190209988,
            0.9950371902099892,
            0.0
          ],
          [
            -0.9950371902099892,
            0.0995037190209988,
            -0.0
          ],
          [
            -0.0,
            0.0,
            1.0
          ]
        ]
      }
    },
    {
      "target_id": 2,
      "picking_point": [
        357,
        137
      ],
      "approach_angle_deg": -87.87890360333854,
      "camera_pose": {
        "position_m": [
          0.038932371045533445,
          -0.18178642797696545,
          0.9320249557495117
        ],
        "orientation_rpy_deg": [
          0.0,
          0.0,
          -87.87890360333854
        ],
        "rotation_matrix": [
          [
            0.037011660509880355,
            0.9993148337667671,
            0.0
          ],
          [
            -0.9993148337667671,
            0.037011660509880355,
            -0.0
          ],
          [
            -0.0,
            0.0,
            1.0
          ]
        ]
      }
    },
    {
      "target_id": 3,
      "picking_point": [
        337,
        181
      ],
      "approach_angle_deg": -88.09084756700362,
      "camera_pose": {
        "position_m": [
          0.0076973274304481,
          -0.10859149816204659,
          0.8886749744415283
        ],
        "orientation_rpy_deg": [
          0.0,
          0.0,
          -88.09084756700362
        ],
        "rotation_matrix": [
          [
            0.03331483023263856,
            0.9994449069791543,
            0.0
          ],
          [
            -0.9994449069791543,
            0.03331483023263856,
            -0.0
          ],
          [
            -0.0,
            0.0,
            1.0
          ]
        ]
      }
    },
    {
      "target_id": 4,
      "picking_point": [
        139,
        29
      ],
      "approach_angle_deg": -85.60129464500447,
      "camera_pose": {
        "position_m": [
          -0.10139709496045482,
          -0.11878578431972157,
          0.31773000955581665
        ],
        "orientation_rpy_deg": [
          0.0,
          0.0,
          -85.60129464500447
        ],
        "rotation_matrix": [
          [
            0.07669649888473697,
            0.9970544855015816,
            0.0
          ],
          [
            -0.9970544855015816,
            0.07669649888473697,
            -0.0
          ],
          [
            -0.0,
            0.0,
            1.0
          ]
        ]
      }
    },
    {
      "target_id": 5,
      "picking_point": [
        226,
        238
      ],
      "approach_angle_deg": -90.0,
      "camera_pose": {
        "position_m": [
          -0.10479484404148948,
          -0.016650629696349815,
          0.5984849333763123
        ],
        "orientation_rpy_deg": [
          0.0,
          0.0,
          -90.0
        ],
        "rotation_matrix": [
          [
            6.123233995736766e-17,
            1.0,
            0.0
          ],
          [
            -1.0,
            6.123233995736766e-17,
            -0.0
          ],
          [
            -0.0,
            0.0,
            1.0
          ]
        ]
      }
    },
    {
      "target_id": 6,
      "picking_point": [
        174,
        330
      ],
      "approach_angle_deg": -85.23635830927383,
      "camera_pose": {
        "position_m": [
          -0.15858089587778115,
          0.075591349900237,
          0.6071550250053406
        ],
        "orientation_rpy_deg": [
          0.0,
          0.0,
          -85.23635830927383
        ],
        "rotation_matrix": [
          [
            0.08304547985374004,
            0.9965457582448796,
            0.0
          ],
          [
            -0.9965457582448796,
            0.08304547985374004,
            -0.0
          ],
          [
            -0.0,
            0.0,
            1.0
          ]
        ]
      }
    }
  ],
  "rgb_file": "rgbd/val/strawberry/strawberry_frame_0034_rgb.png",
  "depth_file": "rgbd/val/strawberry/strawberry_frame_0034.npz"
}
