{
  "frame_name": "strawberry_frame_0044",
  "crop": "strawberry",
  "class_id": 0,
  "class_label": "strawberry",
  "annotation_schema": "decision_gt_v1",
  "primary_target_id": 1,
  "targets": [
    {
      "target_id": 1,
      "picking_point": [
        488,
        45
      ],
      "approach_angle_deg": -92.04540848888723,
      "camera_pose": {
        "position_m": [
          0.2495046631401285,
          -0.33509259152093096,
          0.9646649956703186
        ],
        "orientation_rpy_deg": [
          -100.0,
          0.0,
          -92.04540848888723
        ],
        "rotation_matrix": [
          [
            -0.03569153051241247,
            -0.17353753848547387,
            0.9841802870338768
          ],
          [
            -0.9993628543475496,
            0.006197769231624065,
            -0.03514929596549559
          ],
          [
            -0.0,
            -0.984807753012208,
            -0.1736481776669303
          ]
        ]
      }
    },
    {
      "target_id": 2,
      "picking_point": [
        476,
        73
      ],
      "approach_angle_deg": -92.29061004263853,
      "camera_pose": {
        "position_m": [
          0.22339922032927664,
          -0.28162144769679454,
          0.9355949759483337
        ],
        "orientation_rpy_deg": [
          -100.0,
          0.0,
          -92.29061004263853
        ],
        "rotation_matrix": [
          [
            -0.03996803834887159,
            -0.17350942560508836,
            0.9840208509664494
          ],
          [
            -0.9992009587217894,
            0.006940377024203537,
            -0.03936083403865799
          ],
          [
            -0.0,
            -0.984807753012208,
            -0.1736481776669303
          ]
        ]
      }
    },
    {
      "target_id": 3,
      "picking_point": [
        399,
        130
      ],
      "approach_angle_deg": -88.09084756700362,
      "camera_pose": {
        "position_m": [
          0.07246011811505479,
          -0.1345220422807827,
          0.6510149836540222
        ],
        "orientation_rpy_deg": [
          -100.0,
          0.0,
          -88.09084756700362
        ],
        "rotation_matrix": [
          [
            0.03331483023263856,
            -0.17355178677542482,
            0.9842610931016362
          ],
          [
            -0.9994449069791543,
            -0.005785059559180841,
            0.03280870310338795
          ],
          [
            -0.0,
            -0.984807753012208,
            -0.1736481776669303
          ]
        ]
      }
    },
    {
      "target_id": 4,
      "picking_point": [
        353,
        202
      ],
      "approach_angle_deg": -96.519801751657,
      "camera_pose": {
        "position_m": [
          0.020113397398531595,
          -0.05002669855195125,
          0.572219967842102
        ],
        "orientation_rpy_deg": [
          -85.0,
          0.0,
          -96.519801751657
        ],
        "rotation_matrix": [
          [
            -0.11354659116073218,
            0.0865920780294348,
            0.9897519808812315
          ],
          [
            -0.9935326726564041,
            -0.009896237489078287,
            -0.11311451210071245
          ],
          [
            -0.0,
            -0.9961946980917455,
            0.08715574274765814
          ]
        ]
      }
    },
    {
      "target_id": 5,
      "picking_point": [
        351,
        320
      ],
      "approach_angle_deg": -94.76364169072617,
      "camera_pose": {
        "position_m": [
          0.015409632031556023,
          0.05224388409987921,
          0.48398998379707336
        ],
        "orientation_rpy_deg": [
          -105.0,
          0.0,
          -94.76364169072617
        ],
        "rotation_matrix": [
          [
            -0.08304547985373993,
            -0.2579250215499074,
            0.9625892849675515
          ],
          [
            -0.9965457582448797,
            0.021493751795825602,
            -0.08021577374729592
          ],
          [
            -0.0,
            -0.9659258262890683,
            -0.25881904510252085
          ]
        ]
      }
    },
    {
      "target_id": 6,
      "picking_point": [
        320,
        338
      ],
      "approach_angle_deg": -90.0,
      "camera_pose": {
        "position_m": [
          -0.008922421956504353,
          0.06308505780068044,
          0.4579800069332123
        ],
        "orientation_rpy_deg": [
          -105.0,
          0.0,
          -90.0
        ],
        "rotation_matrix": [
          [
            6.123233995736766e-17,
            -0.25881904510252085,
            0.9659258262890683
          ],
          [
            -1.0,
            -1.584809575715883e-17,
            5.914589856893349e-17
          ],
          [
            -0.0,
            -0.9659258262890683,
            -0.25881904510252085
          ]
        ]
      }
    }
  ],
  "rgb_file": "rgbd/val/strawberry/strawberry_frame_0044_rgb.png",
  "depth_file": "rgbd/val/strawberry/strawberry_frame_0044.npz"
}
