{
  "frame_name": "strawberry_frame_0028",
  "crop": "strawberry",
  "class_id": 0,
  "class_label": "strawberry",
  "annotation_schema": "decision_gt_v1",
  "primary_target_id": 1,
  "targets": [
    {
      "target_id": 1,
      "picking_point": [
        472,
        285
      ],
      "approach_angle_deg": -87.39743779750019,
      "camera_pose": {
        "position_m": [
          0.2398167922248954,
          0.05164532819964405,
          1.0329999923706055
        ],
        "orientation_rpy_deg": [
          0.0,
          0.0,
          -87.39743779750019
        ],
        "rotation_matrix": [
          [
            0.045407660918650006,
            0.9989685402102996,
            0.0
          ],
          [
            -0.9989685402102996,
            0.045407660918650006,
            -0.0
          ],
          [
            -0.0,
            0.0,
            1.0
          ]
        ]
      }
    },
    {
      "target_id": 2,
      "picking_point": [
        473,
        328
      ],
      "approach_angle_deg": -91.6846843178963,
      "camera_pose": {
        "position_m": [
          0.2239911148464976,
          0.11609959892776102,
          0.9580000638961792
        ],
        "orientation_rpy_deg": [
          0.0,
          0.0,
          -91.6846843178963
        ],
        "rotation_matrix": [
          [
            -0.029399051601892736,
            0.9995677544643531,
            -0.0
          ],
          [
            -0.9995677544643531,
            -0.029399051601892736,
            0.0
          ],
          [
            -0.0,
            0.0,
            1.0
          ]
        ]
      }
    },
    {
      "target_id": 3,
      "picking_point": [
        444,
        337
      ],
      "approach_angle_deg": -92.86240522611175,
      "camera_pose": {
        "position_m": [
          0.1271394332596947,
          0.09312358842789538,
          0.6842762291431427
        ],
        "orientation_rpy_deg": [
          0.0,
          0.0,
          -92.86240522611175
        ],
        "rotation_matrix": [
          [
            -0.04993761694389213,
            0.9987523388778446,
            -0.0
          ],
          [
            -0.9987523388778446,
            -0.04993761694389213,
            0.0
          ],
          [
            -0.0,
            0.0,
            1.0
          ]
        ]
      }
    },
    {
      "target_id": 4,
      "picking_point": [
        332,
        396
      ],
      "approach_angle_deg": -86.42366562500266,
      "camera_pose": {
        "position_m": [
          0.0001847132972654533,
          0.11244603871939964,
          0.48100003600120544
        ],
        "orientation_rpy_deg": [
          0.0,
          0.0,
          -86.42366562500266
        ],
        "rotation_matrix": [
          [
            0.062378286155180526,
            0.9980525784828885,
            0.0
          ],
          [
            -0.9980525784828885,
            0.062378286155180526,
            -0.0
          ],
          [
            -0.0,
            0.0,
            1.0
          ]
        ]
      }
    },
    {
      "target_id": 5,
      "picking_point": [
        277,
        228
      ],
      "approach_angle_deg": -86.18592516570965,
      "camera_pose": {
        "position_m": [
          -0.04361185200515404,
          -0.02134584985126597,
          0.48100003600120544
        ],
        "orientation_rpy_deg": [
          0.0,
          0.0,
          -86.18592516570965
        ],
        "rotation_matrix": [
          [
            0.06651901052377394,
            0.9977851578566089,
            0.0
          ],
          [
            -0.9977851578566089,
            0.06651901052377394,
            -0.0
          ],
          [
            -0.0,
            0.0,
            1.0
          ]
        ]
      }
    }
  ],
  "rgb_file": "rgbd/val/strawberry/strawberry_frame_0028_rgb.png",
  "depth_file": "rgbd/val/strawberry/strawberry_frame_0028.npz"
}
