{
  "frame_name": "strawberry_frame_0030",
  "crop": "strawberry",
  "class_id": 0,
  "class_label": "strawberry",
  "annotation_schema": "decision_gt_v1",
  "primary_target_id": 1,
  "targets": [
    {
      "target_id": 1,
      "picking_point": [
        399,
        123
      ],
      "approach_angle_deg": -90.0,
      "camera_pose": {
        "position_m": [
          0.05074762565369853,
          -0.09949707271236809,
          0.45593997836112976
        ],
        "orientation_rpy_deg": [
          0.0,
          0.0,
          -90.0
        ],
        "rotation_matrix": [
          [
            6.123233995736766e-17,
            1.0,
            0.0
          ],
          [
            -1.0,
            6.123233995736766e-17,
            -0.0
          ],
          [
            -0.0,
            0.0,
            1.0
          ]
        ]
      }
    },
    {
      "target_id": 2,
      "picking_point": [
        374,
        99
      ],
      "approach_angle_deg": -87.70938995736148,
      "camera_pose": {
        "position_m": [
          0.0356034226344874,
          -0.1313623974842363,
          0.5092349648475647
        ],
        "orientation_rpy_deg": [
          0.0,
          0.0,
          -87.70938995736148
        ],
        "rotation_matrix": [
          [
            0.039968038348871485,
            0.9992009587217894,
            0.0
          ],
          [
            -0.9992009587217894,
            0.039968038348871485,
            -0.0
          ],
          [
            -0.0,
            0.0,
            1.0
          ]
        ]
      }
    },
    {
      "target_id": 3,
      "picking_point": [
        354,
        148
      ],
      "approach_angle_deg": -86.98721249581666,
      "camera_pose": {
        "position_m": [
          0.019972014273579287,
          -0.09595619548860403,
          0.542639970779419
        ],
        "orientation_rpy_deg": [
          0.0,
          0.0,
          -86.98721249581666
        ],
        "rotation_matrix": [
          [
            0.05255883312276374,
            0.9986178293325098,
            0.0
          ],
          [
            -0.9986178293325098,
            0.05255883312276374,
            -0.0
          ],
          [
            -0.0,
            0.0,
            1.0
          ]
        ]
      }
    },
    {
      "target_id": 4,
      "picking_point": [
        262,
        190
      ],
      "approach_angle_deg": -87.20729763428672,
      "camera_pose": {
        "position_m": [
          -0.047065830096582176,
          -0.04372113453206319,
          0.4074900150299072
        ],
        "orientation_rpy_deg": [
          0.0,
          0.0,
          -87.20729763428672
        ],
        "rotation_matrix": [
          [
            0.048722553713409646,
            0.9988123511248966,
            0.0
          ],
          [
            -0.9988123511248966,
            0.048722553713409646,
            -0.0
          ],
          [
            -0.0,
            0.0,
            1.0
          ]
        ]
      }
    },
    {
      "target_id": 5,
      "picking_point": [
        201,
        294
      ],
      "approach_angle_deg": -75.25643716352927,
      "camera_pose": {
        "position_m": [
          -0.08794068097873764,
          0.026361958199183386,
          0.40621501207351685
        ],
        "orientation_rpy_deg": [
          0.0,
          0.0,
          -75.25643716352927
        ],
        "rotation_matrix": [
          [
            0.25449329927964376,
            0.9670745372626464,
            0.0
          ],
          [
            -0.9670745372626464,
            0.25449329927964376,
            -0.0
          ],
          [
            -0.0,
            0.0,
            1.0
          ]
        ]
      }
    }
  ],
  "rgb_file": "rgbd/val/strawberry/strawberry_frame_0030_rgb.png",
  "depth_file": "rgbd/val/strawberry/strawberry_frame_0030.npz"
}
