{
  "frame_name": "strawberry_frame_0043",
  "crop": "strawberry",
  "class_id": 0,
  "class_label": "strawberry",
  "annotation_schema": "decision_gt_v1",
  "primary_target_id": 1,
  "targets": [
    {
      "target_id": 1,
      "picking_point": [
        493,
        83
      ],
      "approach_angle_deg": -88.21008939175394,
      "camera_pose": {
        "position_m": [
          0.2525890521161882,
          -0.26917749641033933,
          0.946304976940155
        ],
        "orientation_rpy_deg": [
          -80.0,
          0.0,
          -88.21008939175394
        ],
        "rotation_matrix": [
          [
            0.031234752377721147,
            0.17356345056861153,
            0.9843272417598832
          ],
          [
            -0.9995120760870788,
            0.005423857830269099,
            0.030760226304996283
          ],
          [
            -0.0,
            -0.984807753012208,
            0.17364817766693041
          ]
        ]
      }
    },
    {
      "target_id": 2,
      "picking_point": [
        483,
        106
      ],
      "approach_angle_deg": -93.09405805891711,
      "camera_pose": {
        "position_m": [
          0.22460108104500787,
          -0.2210165495754997,
          0.897089958190918
        ],
        "orientation_rpy_deg": [
          -85.0,
          0.0,
          -93.09405805891711
        ],
        "rotation_matrix": [
          [
            -0.0539752580150005,
            0.08702869349243626,
            0.9947425184595327
          ],
          [
            -0.9985422732775083,
            -0.004704253702293856,
            -0.05376986586267749
          ],
          [
            -0.0,
            -0.9961946980917455,
            0.08715574274765814
          ]
        ]
      }
    },
    {
      "target_id": 3,
      "picking_point": [
        432,
        157
      ],
      "approach_angle_deg": -88.83086067209258,
      "camera_pose": {
        "position_m": [
          0.11213070702042854,
          -0.10942492316145414,
          0.6757500171661377
        ],
        "orientation_rpy_deg": [
          -85.0,
          0.0,
          -88.83086067209258
        ],
        "rotation_matrix": [
          [
            0.020403914662519222,
            0.08713759853121344,
            0.99598730874879
          ],
          [
            -0.9997918184634462,
            0.0017783183373716953,
            0.020326271607118078
          ],
          [
            -0.0,
            -0.9961946980917455,
            0.08715574274765814
          ]
        ]
      }
    },
    {
      "target_id": 4,
      "picking_point": [
        404,
        216
      ],
      "approach_angle_deg": -91.43209618416465,
      "camera_pose": {
        "position_m": [
          0.07046960487407537,
          -0.03786059595527445,
          0.58930504322052
        ],
        "orientation_rpy_deg": [
          -100.0,
          0.0,
          -91.43209618416465
        ],
        "rotation_matrix": [
          [
            -0.024992191160203167,
            -0.1735939380349131,
            0.9845001447732461
          ],
          [
            -0.9996876464081228,
            0.004339848450872845,
            -0.02461250361933125
          ],
          [
            -0.0,
            -0.984807753012208,
            -0.1736481776669303
          ]
        ]
      }
    },
    {
      "target_id": 5,
      "picking_point": [
        406,
        318
      ],
      "approach_angle_deg": -87.66269414087618,
      "camera_pose": {
        "position_m": [
          0.06461778250906702,
          0.05501696810335517,
          0.5258100032806396
        ],
        "orientation_rpy_deg": [
          -80.0,
          0.0,
          -87.66269414087618
        ],
        "rotation_matrix": [
          [
            0.040782369514309164,
            0.17350371160393002,
            0.9839884452555622
          ],
          [
            -0.9991680531005774,
            0.007081784147099164,
            0.04016279368390038
          ],
          [
            -0.0,
            -0.984807753012208,
            0.17364817766693041
          ]
        ]
      }
    },
    {
      "target_id": 6,
      "picking_point": [
        387,
        337
      ],
      "approach_angle_deg": -88.97696981133217,
      "camera_pose": {
        "position_m": [
          0.04733244807446682,
          0.07044731975247144,
          0.5176500082015991
        ],
        "orientation_rpy_deg": [
          -105.0,
          0.0,
          -88.97696981133217
        ],
        "rotation_matrix": [
          [
            0.017854296416882878,
            -0.25877778917732014,
            0.9657718570801059
          ],
          [
            -0.9998405993454447,
            -0.004621031949594986,
            0.017245926019287545
          ],
          [
            -0.0,
            -0.9659258262890683,
            -0.25881904510252085
          ]
        ]
      }
    }
  ],
  "rgb_file": "rgbd/val/strawberry/strawberry_frame_0043_rgb.png",
  "depth_file": "rgbd/val/strawberry/strawberry_frame_0043.npz"
}
