{
  "frame_name": "strawberry_frame_0016",
  "crop": "strawberry",
  "class_id": 0,
  "class_label": "strawberry",
  "annotation_schema": "decision_gt_v1",
  "primary_target_id": 1,
  "targets": [
    {
      "target_id": 1,
      "picking_point": [
        477,
        268
      ],
      "approach_angle_deg": -85.33314162856101,
      "camera_pose": {
        "position_m": [
          0.24137931556579942,
          0.021934958515071414,
          1.0039349794387817
        ],
        "orientation_rpy_deg": [
          0.0,
          0.0,
          -85.33314162856101
        ],
        "rotation_matrix": [
          [
            0.08136200945490668,
            0.996684615822608,
            0.0
          ],
          [
            -0.996684615822608,
            0.08136200945490668,
            -0.0
          ],
          [
            -0.0,
            0.0,
            1.0
          ]
        ]
      }
    },
    {
      "target_id": 2,
      "picking_point": [
        437,
        313
      ],
      "approach_angle_deg": -90.90938044919915,
      "camera_pose": {
        "position_m": [
          0.10048765546612583,
          0.05557818750944108,
          0.5768100023269653
        ],
        "orientation_rpy_deg": [
          0.0,
          -5.0,
          -90.90938044919915
        ],
        "rotation_matrix": [
          [
            -0.015810622616868275,
            0.999874047483599,
            0.0013832502422625526
          ],
          [
            -0.9960692248626956,
            -0.015871016626723886,
            0.0871447652625403
          ],
          [
            0.08715574274765817,
            0.0,
            0.9961946980917455
          ]
        ]
      }
    },
    {
      "target_id": 3,
      "picking_point": [
        257,
        397
      ],
      "approach_angle_deg": -86.5106750942036,
      "camera_pose": {
        "position_m": [
          -0.09541717044652927,
          0.18148566874326605,
          0.7708649635314941
        ],
        "orientation_rpy_deg": [
          0.0,
          0.0,
          -86.5106750942036
        ],
        "rotation_matrix": [
          [
            0.060862570450558214,
            0.9981461553891549,
            0.0
          ],
          [
            -0.9981461553891549,
            0.060862570450558214,
            -0.0
          ],
          [
            -0.0,
            0.0,
            1.0
          ]
        ]
      }
    },
    {
      "target_id": 4,
      "picking_point": [
        176,
        185
      ],
      "approach_angle_deg": -86.53177074108285,
      "camera_pose": {
        "position_m": [
          -0.093508349149242,
          -0.04190761418813399,
          0.36261001229286194
        ],
        "orientation_rpy_deg": [
          0.0,
          0.0,
          -86.53177074108285
        ],
        "rotation_matrix": [
          [
            0.06049506040189038,
            0.9981684966311908,
            0.0
          ],
          [
            -0.9981684966311908,
            0.06049506040189038,
            -0.0
          ],
          [
            -0.0,
            0.0,
            1.0
          ]
        ]
      }
    }
  ],
  "rgb_file": "rgbd/val/strawberry/strawberry_frame_0016_rgb.png",
  "depth_file": "rgbd/val/strawberry/strawberry_frame_0016.npz"
}
