{
  "frame_name": "strawberry_frame_0019",
  "crop": "strawberry",
  "class_id": 0,
  "class_label": "strawberry",
  "annotation_schema": "decision_gt_v1",
  "primary_target_id": 1,
  "targets": [
    {
      "target_id": 1,
      "picking_point": [
        277,
        354
      ],
      "approach_angle_deg": -89.24615166692924,
      "camera_pose": {
        "position_m": [
          -0.07241380094838201,
          0.13116962489275935,
          0.7986599802970886
        ],
        "orientation_rpy_deg": [
          0.0,
          0.0,
          -89.24615166692924
        ],
        "rotation_matrix": [
          [
            0.013156755870285386,
            0.9999134461416996,
            0.0
          ],
          [
            -0.9999134461416996,
            0.013156755870285386,
            -0.0
          ],
          [
            -0.0,
            0.0,
            1.0
          ]
        ]
      }
    },
    {
      "target_id": 2,
      "picking_point": [
        458,
        285
      ],
      "approach_angle_deg": -100.30484646876603,
      "camera_pose": {
        "position_m": [
          0.11457246314947318,
          0.02741002168853784,
          0.5482500195503235
        ],
        "orientation_rpy_deg": [
          0.0,
          0.0,
          -100.30484646876603
        ],
        "rotation_matrix": [
          [
            -0.17888543819998318,
            0.9838699100999074,
            -0.0
          ],
          [
            -0.9838699100999074,
            -0.17888543819998318,
            0.0
          ],
          [
            -0.0,
            0.0,
            1.0
          ]
        ]
      }
    },
    {
      "target_id": 3,
      "picking_point": [
        497,
        225
      ],
      "approach_angle_deg": -93.69138598645128,
      "camera_pose": {
        "position_m": [
          0.2539030318837464,
          -0.04580211411641082,
          0.9282000064849854
        ],
        "orientation_rpy_deg": [
          0.0,
          0.0,
          -93.69138598645128
        ],
        "rotation_matrix": [
          [
            -0.06438227799796505,
            0.9979253089684582,
            -0.0
          ],
          [
            -0.9979253089684582,
            -0.06438227799796505,
            0.0
          ],
          [
            -0.0,
            0.0,
            1.0
          ]
        ]
      }
    },
    {
      "target_id": 4,
      "picking_point": [
        190,
        142
      ],
      "approach_angle_deg": -73.44292862436335,
      "camera_pose": {
        "position_m": [
          -0.08624118386500239,
          -0.06862817393335303,
          0.36745497584342957
        ],
        "orientation_rpy_deg": [
          0.0,
          0.0,
          -73.44292862436335
        ],
        "rotation_matrix": [
          [
            0.28497026808296183,
            0.9585363562790536,
            0.0
          ],
          [
            -0.9585363562790536,
            0.28497026808296183,
            -0.0
          ],
          [
            -0.0,
            0.0,
            1.0
          ]
        ]
      }
    },
    {
      "target_id": 5,
      "picking_point": [
        223,
        451
      ],
      "approach_angle_deg": -83.48019824834302,
      "camera_pose": {
        "position_m": [
          -0.15717397280150922,
          0.2835394826486538,
          0.8728650212287903
        ],
        "orientation_rpy_deg": [
          0.0,
          0.0,
          -83.48019824834302
        ],
        "rotation_matrix": [
          [
            0.11354659116073186,
            0.9935326726564042,
            0.0
          ],
          [
            -0.9935326726564042,
            0.11354659116073186,
            -0.0
          ],
          [
            -0.0,
            0.0,
            1.0
          ]
        ]
      }
    }
  ],
  "rgb_file": "rgbd/val/strawberry/strawberry_frame_0019_rgb.png",
  "depth_file": "rgbd/val/strawberry/strawberry_frame_0019.npz"
}
