{
  "frame_name": "strawberry_frame_0022",
  "crop": "strawberry",
  "class_id": 0,
  "class_label": "strawberry",
  "annotation_schema": "decision_gt_v1",
  "primary_target_id": 1,
  "targets": [
    {
      "target_id": 1,
      "picking_point": [
        508,
        175
      ],
      "approach_angle_deg": -82.72499504211075,
      "camera_pose": {
        "position_m": [
          0.24402310322154389,
          -0.11051260747910996,
          0.8363999724388123
        ],
        "orientation_rpy_deg": [
          0.0,
          0.0,
          -82.72499504211075
        ],
        "rotation_matrix": [
          [
            0.12663188675793818,
            0.9919497796038491,
            0.0
          ],
          [
            -0.9919497796038491,
            0.12663188675793818,
            -0.0
          ],
          [
            -0.0,
            0.0,
            1.0
          ]
        ]
      }
    },
    {
      "target_id": 2,
      "picking_point": [
        474,
        216
      ],
      "approach_angle_deg": -91.2188752351313,
      "camera_pose": {
        "position_m": [
          0.10345581805796439,
          -0.02822752140943778,
          0.4393649995326996
        ],
        "orientation_rpy_deg": [
          0.0,
          0.0,
          -91.2188752351313
        ],
        "rotation_matrix": [
          [
            -0.02127178149057607,
            0.999773730057065,
            -0.0
          ],
          [
            -0.999773730057065,
            -0.02127178149057607,
            0.0
          ],
          [
            -0.0,
            0.0,
            1.0
          ]
        ]
      }
    },
    {
      "target_id": 3,
      "picking_point": [
        300,
        291
      ],
      "approach_angle_deg": -88.26429541107161,
      "camera_pose": {
        "position_m": [
          -0.035405174045694265,
          0.040344563454739815,
          0.6732000112533569
        ],
        "orientation_rpy_deg": [
          0.0,
          0.0,
          -88.26429541107161
        ],
        "rotation_matrix": [
          [
            0.030289126640769014,
            0.9995411791453814,
            0.0
          ],
          [
            -0.9995411791453814,
            0.030289126640769014,
            -0.0
          ],
          [
            -0.0,
            0.0,
            1.0
          ]
        ]
      }
    },
    {
      "target_id": 4,
      "picking_point": [
        243,
        400
      ],
      "approach_angle_deg": -84.17365797044422,
      "camera_pose": {
        "position_m": [
          -0.10710044149245544,
          0.17519982640507337,
          0.7287899851799011
        ],
        "orientation_rpy_deg": [
          0.0,
          0.0,
          -84.17365797044422
        ],
        "rotation_matrix": [
          [
            0.10151368801339447,
            0.994834142531266,
            0.0
          ],
          [
            -0.994834142531266,
            0.10151368801339447,
            -0.0
          ],
          [
            -0.0,
            0.0,
            1.0
          ]
        ]
      }
    },
    {
      "target_id": 5,
      "picking_point": [
        208,
        86
      ],
      "approach_angle_deg": -81.2538377374448,
      "camera_pose": {
        "position_m": [
          -0.06489369798238323,
          -0.08851540057709387,
          0.3167099952697754
        ],
        "orientation_rpy_deg": [
          0.0,
          5.0,
          -81.2538377374448
        ],
        "rotation_matrix": [
          [
            0.1514785607605357,
            0.9883716976506172,
            0.01325265683376974
          ],
          [
            -0.9846106449434826,
            0.15205718425394102,
            -0.08614226941950337
          ],
          [
            -0.08715574274765817,
            0.0,
            0.9961946980917455
          ]
        ]
      }
    }
  ],
  "rgb_file": "rgbd/val/strawberry/strawberry_frame_0022_rgb.png",
  "depth_file": "rgbd/val/strawberry/strawberry_frame_0022.npz"
}
