{
  "frame_name": "strawberry_frame_0021",
  "crop": "strawberry",
  "class_id": 0,
  "class_label": "strawberry",
  "annotation_schema": "decision_gt_v1",
  "primary_target_id": 1,
  "targets": [
    {
      "target_id": 1,
      "picking_point": [
        505,
        197
      ],
      "approach_angle_deg": -93.1221304621157,
      "camera_pose": {
        "position_m": [
          0.24564642818364749,
          -0.0819748001932992,
          0.8565449714660645
        ],
        "orientation_rpy_deg": [
          0.0,
          0.0,
          -93.1221304621157
        ],
        "rotation_matrix": [
          [
            -0.0544644931598698,
            0.9985157079309461,
            -0.0
          ],
          [
            -0.9985157079309461,
            -0.0544644931598698,
            0.0
          ],
          [
            -0.0,
            0.0,
            1.0
          ]
        ]
      }
    },
    {
      "target_id": 2,
      "picking_point": [
        465,
        238
      ],
      "approach_angle_deg": -84.28940686250037,
      "camera_pose": {
        "position_m": [
          0.10832710650670595,
          -0.013663875585413019,
          0.491129994392395
        ],
        "orientation_rpy_deg": [
          0.0,
          0.0,
          -84.28940686250037
        ],
        "rotation_matrix": [
          [
            0.0995037190209988,
            0.9950371902099892,
            0.0
          ],
          [
            -0.9950371902099892,
            0.0995037190209988,
            -0.0
          ],
          [
            -0.0,
            0.0,
            1.0
          ]
        ]
      }
    },
    {
      "target_id": 3,
      "picking_point": [
        293,
        324
      ],
      "approach_angle_deg": -87.76882539196876,
      "camera_pose": {
        "position_m": [
          -0.04397581629470169,
          0.0784994873329993,
          0.6851850152015686
        ],
        "orientation_rpy_deg": [
          0.0,
          0.0,
          -87.76882539196876
        ],
        "rotation_matrix": [
          [
            0.03893150188475919,
            0.9992418817088268,
            0.0
          ],
          [
            -0.9992418817088268,
            0.03893150188475919,
            -0.0
          ],
          [
            -0.0,
            0.0,
            1.0
          ]
        ]
      }
    },
    {
      "target_id": 4,
      "picking_point": [
        201,
        118
      ],
      "approach_angle_deg": -91.54815769897796,
      "camera_pose": {
        "position_m": [
          -0.0754644697734883,
          -0.07895534836374506,
          0.34858497977256775
        ],
        "orientation_rpy_deg": [
          0.0,
          0.0,
          -91.54815769897796
        ],
        "rotation_matrix": [
          [
            -0.027017161347914872,
            0.9996349698728535,
            -0.0
          ],
          [
            -0.9996349698728535,
            -0.027017161347914872,
            0.0
          ],
          [
            -0.0,
            0.0,
            1.0
          ]
        ]
      }
    },
    {
      "target_id": 5,
      "picking_point": [
        235,
        422
      ],
      "approach_angle_deg": -83.8844964337146,
      "camera_pose": {
        "position_m": [
          -0.11908112179864486,
          0.20576953742478812,
          0.7433249950408936
        ],
        "orientation_rpy_deg": [
          0.0,
          0.0,
          -83.8844964337146
        ],
        "rotation_matrix": [
          [
            0.10653312363426519,
            0.994309153919809,
            0.0
          ],
          [
            -0.994309153919809,
            0.10653312363426519,
            -0.0
          ],
          [
            -0.0,
            0.0,
            1.0
          ]
        ]
      }
    }
  ],
  "rgb_file": "rgbd/val/strawberry/strawberry_frame_0021_rgb.png",
  "depth_file": "rgbd/val/strawberry/strawberry_frame_0021.npz"
}
