{
  "frame_name": "orange_frame_0046",
  "crop": "orange",
  "class_id": 1,
  "class_label": "orange",
  "annotation_schema": "decision_gt_v1",
  "primary_target_id": 1,
  "targets": [
    {
      "target_id": 1,
      "picking_point": [
        437,
        335
      ],
      "approach_angle_deg": -88.97696981133217,
      "camera_pose": {
        "position_m": [
          0.09710627805909193,
          0.07401124416169479,
          0.5574005305767059
        ],
        "orientation_rpy_deg": [
          0.0,
          -5.0,
          -88.97696981133217
        ],
        "rotation_matrix": [
          [
            0.017786355428657172,
            0.9998405993454447,
            -0.001556104465450279
          ],
          [
            -0.9960359040048051,
            0.017854296416882878,
            0.08714185006521594
          ],
          [
            0.08715574274765817,
            0.0,
            0.9961946980917455
          ]
        ]
      }
    },
    {
      "target_id": 2,
      "picking_point": [
        141,
        108
      ],
      "approach_angle_deg": -88.87669728592458,
      "camera_pose": {
        "position_m": [
          -0.12695912675576096,
          -0.09770980133047925,
          0.40200001001358027
        ],
        "orientation_rpy_deg": [
          0.0,
          -5.0,
          -88.87669728592458
        ],
        "rotation_matrix": [
          [
            0.019529475510687958,
            0.9998078216567245,
            -0.0017086077117923516
          ],
          [
            -0.9960032510450865,
            0.01960407493444557,
            0.08713899330140998
          ],
          [
            0.08715574274765817,
            0.0,
            0.9961946980917455
          ]
        ]
      }
    }
  ],
  "rgb_file": "rgbd/val/orange/orange_frame_0046_rgb.png",
  "depth_file": "rgbd/val/orange/orange_frame_0046.npz"
}
