{
  "frame_name": "orange_frame_0037",
  "crop": "orange",
  "class_id": 1,
  "class_label": "orange",
  "annotation_schema": "decision_gt_v1",
  "primary_target_id": 1,
  "targets": [
    {
      "target_id": 1,
      "picking_point": [
        160,
        127
      ],
      "approach_angle_deg": -88.09084756700362,
      "camera_pose": {
        "position_m": [
          -0.07448494740018734,
          -0.055425849015142914,
          0.2619352281093597
        ],
        "orientation_rpy_deg": [
          0.0,
          0.0,
          -88.09084756700362
        ],
        "rotation_matrix": [
          [
            0.03331483023263856,
            0.9994449069791543,
            0.0
          ],
          [
            -0.9994449069791543,
            0.03331483023263856,
            -0.0
          ],
          [
            -0.0,
            0.0,
            1.0
          ]
        ]
      }
    },
    {
      "target_id": 2,
      "picking_point": [
        493,
        435
      ],
      "approach_angle_deg": -83.15722658736907,
      "camera_pose": {
        "position_m": [
          0.09395634130378883,
          0.10501811738135484,
          0.35200002789497375
        ],
        "orientation_rpy_deg": [
          0.0,
          0.0,
          -83.15722658736907
        ],
        "rotation_matrix": [
          [
            0.11914522061843058,
            0.9928768384869221,
            0.0
          ],
          [
            -0.9928768384869221,
            0.11914522061843058,
            -0.0
          ],
          [
            -0.0,
            0.0,
            1.0
          ]
        ]
      }
    }
  ],
  "rgb_file": "rgbd/val/orange/orange_frame_0037_rgb.png",
  "depth_file": "rgbd/val/orange/orange_frame_0037.npz"
}
