{
  "frame_name": "orange_frame_0052",
  "crop": "orange",
  "class_id": 1,
  "class_label": "orange",
  "annotation_schema": "decision_gt_v1",
  "primary_target_id": 1,
  "targets": [
    {
      "target_id": 1,
      "picking_point": [
        590,
        315
      ],
      "approach_angle_deg": -88.31531568210372,
      "camera_pose": {
        "position_m": [
          0.13038934462001725,
          0.030398058244175543,
          0.3050000071525574
        ],
        "orientation_rpy_deg": [
          0.0,
          -5.0,
          -88.31531568210372
        ],
        "rotation_matrix": [
          [
            0.029287179334731083,
            0.9995677544643531,
            -0.0025622961784396822
          ],
          [
            -0.9957640973808602,
            0.029399051601892635,
            0.0871180700669495
          ],
          [
            0.08715574274765817,
            0.0,
            0.9961946980917455
          ]
        ]
      }
    },
    {
      "target_id": 2,
      "picking_point": [
        229,
        190
      ],
      "approach_angle_deg": -72.64597536373867,
      "camera_pose": {
        "position_m": [
          -0.11977412429720151,
          -0.07553481070576232,
          0.7040000557899475
        ],
        "orientation_rpy_deg": [
          0.0,
          -5.0,
          -72.64597536373867
        ],
        "rotation_matrix": [
          [
            0.29713996673538207,
            0.9544799780350297,
            -0.02599637856981609
          ],
          [
            -0.9508478935532223,
            0.29827499313594685,
            0.08318841142341146
          ],
          [
            0.08715574274765817,
            0.0,
            0.9961946980917455
          ]
        ]
      }
    }
  ],
  "rgb_file": "rgbd/val/orange/orange_frame_0052_rgb.png",
  "depth_file": "rgbd/val/orange/orange_frame_0052.npz"
}
