{
  "frame_name": "orange_frame_0041",
  "crop": "orange",
  "class_id": 1,
  "class_label": "orange",
  "annotation_schema": "decision_gt_v1",
  "primary_target_id": 1,
  "targets": [
    {
      "target_id": 1,
      "picking_point": [
        206,
        238
      ],
      "approach_angle_deg": -82.4605548604907,
      "camera_pose": {
        "position_m": [
          -0.11118439105988802,
          -0.014856576018949642,
          0.534000039100647
        ],
        "orientation_rpy_deg": [
          0.0,
          -5.0,
          -82.4605548604907
        ],
        "rotation_matrix": [
          [
            0.1307094302391858,
            0.9913547659899606,
            -0.011435593361861361
          ],
          [
            -0.9875823618071818,
            0.13120871902808298,
            0.08640226095628586
          ],
          [
            0.08715574274765817,
            0.0,
            0.9961946980917455
          ]
        ]
      }
    },
    {
      "target_id": 2,
      "picking_point": [
        439,
        406
      ],
      "approach_angle_deg": -88.40885972880542,
      "camera_pose": {
        "position_m": [
          0.1180533116598523,
          0.16647097975373923,
          0.6650000214576721
        ],
        "orientation_rpy_deg": [
          0.0,
          -10.0,
          -88.40885972880542
        ],
        "rotation_matrix": [
          [
            0.027345223096710957,
            0.9996144206527183,
            -0.0048217006254424235
          ],
          [
            -0.9844280314816036,
            0.02776706724035303,
            0.17358122251592886
          ],
          [
            0.17364817766693033,
            0.0,
            0.984807753012208
          ]
        ]
      }
    },
    {
      "target_id": 3,
      "picking_point": [
        548,
        76
      ],
      "approach_angle_deg": -87.7974018382342,
      "camera_pose": {
        "position_m": [
          0.21719959860940785,
          -0.17962157321000075,
          0.6067459285259247
        ],
        "orientation_rpy_deg": [
          0.0,
          -10.0,
          -87.7974018382342
        ],
        "rotation_matrix": [
          [
            0.03784923661773101,
            0.9992611746313143,
            -0.00667384161492478
          ],
          [
            -0.9840801520610042,
            0.03843312210120447,
            0.17351988198804397
          ],
          [
            0.17364817766693033,
            0.0,
            0.984807753012208
          ]
        ]
      }
    }
  ],
  "rgb_file": "rgbd/val/orange/orange_frame_0041_rgb.png",
  "depth_file": "rgbd/val/orange/orange_frame_0041.npz"
}
