{
  "frame_name": "orange_frame_0049",
  "crop": "orange",
  "class_id": 1,
  "class_label": "orange",
  "annotation_schema": "decision_gt_v1",
  "primary_target_id": 1,
  "targets": [
    {
      "target_id": 1,
      "picking_point": [
        204,
        206
      ],
      "approach_angle_deg": -78.69006752597979,
      "camera_pose": {
        "position_m": [
          -0.09306945625330515,
          -0.035553295049543174,
          0.4400000274181366
        ],
        "orientation_rpy_deg": [
          0.0,
          -10.0,
          -78.69006752597979
        ],
        "rotation_matrix": [
          [
            0.19313669037487352,
            0.9805806756909202,
            -0.03405520947782709
          ],
          [
            -0.9656834518743678,
            0.196116135138184,
            0.17027604738913552
          ],
          [
            0.17364817766693033,
            0.0,
            0.984807753012208
          ]
        ]
      }
    },
    {
      "target_id": 2,
      "picking_point": [
        501,
        334
      ],
      "approach_angle_deg": -86.00908690157023,
      "camera_pose": {
        "position_m": [
          0.12999679503416237,
          0.06084135687288083,
          0.4640000164508819
        ],
        "orientation_rpy_deg": [
          0.0,
          -5.0,
          -86.00908690157023
        ],
        "rotation_matrix": [
          [
            0.06933342044660797,
            0.9975751008362208,
            -0.006065888292554704
          ],
          [
            -0.9937790264013816,
            0.06959826284903861,
            0.08694439885995081
          ],
          [
            0.08715574274765817,
            0.0,
            0.9961946980917455
          ]
        ]
      }
    }
  ],
  "rgb_file": "rgbd/val/orange/orange_frame_0049_rgb.png",
  "depth_file": "rgbd/val/orange/orange_frame_0049.npz"
}
