{
  "frame_name": "orange_frame_0048",
  "crop": "orange",
  "class_id": 1,
  "class_label": "orange",
  "annotation_schema": "decision_gt_v1",
  "primary_target_id": 1,
  "targets": [
    {
      "target_id": 1,
      "picking_point": [
        205,
        215
      ],
      "approach_angle_deg": -81.46923439005187,
      "camera_pose": {
        "position_m": [
          -0.09764606216627833,
          -0.03066269642336987,
          0.4652782142162323
        ],
        "orientation_rpy_deg": [
          0.0,
          -5.0,
          -81.46923439005187
        ],
        "rotation_matrix": [
          [
            0.1477759727216378,
            0.9889363528682975,
            -0.012928722354659493
          ],
          [
            -0.9851731514775856,
            0.1483404529302446,
            0.08619148236439664
          ],
          [
            0.08715574274765817,
            0.0,
            0.9961946980917455
          ]
        ]
      }
    },
    {
      "target_id": 2,
      "picking_point": [
        144,
        49
      ],
      "approach_angle_deg": -79.38034472384487,
      "camera_pose": {
        "position_m": [
          -0.10590734262538826,
          -0.11609151816768484,
          0.34070001542568207
        ],
        "orientation_rpy_deg": [
          0.0,
          -5.0,
          -79.38034472384487
        ],
        "rotation_matrix": [
          [
            0.18358726153608948,
            0.9828721869343219,
            -0.01606180415217674
          ],
          [
            -0.9791320615258104,
            0.18428853505018536,
            0.08566295547827595
          ],
          [
            0.08715574274765817,
            0.0,
            0.9961946980917455
          ]
        ]
      }
    },
    {
      "target_id": 3,
      "picking_point": [
        490,
        341
      ],
      "approach_angle_deg": -88.15238973400541,
      "camera_pose": {
        "position_m": [
          0.1265242038839882,
          0.06893054582827549,
          0.4830000102519989
        ],
        "orientation_rpy_deg": [
          0.0,
          -5.0,
          -88.15238973400541
        ],
        "rotation_matrix": [
          [
            0.03211860615333346,
            0.9994801143396996,
            -0.0028100139266706626
          ],
          [
            -0.9956767907533404,
            0.03224129401095795,
            0.08711043172679082
          ],
          [
            0.08715574274765817,
            0.0,
            0.9961946980917455
          ]
        ]
      }
    }
  ],
  "rgb_file": "rgbd/val/orange/orange_frame_0048_rgb.png",
  "depth_file": "rgbd/val/orange/orange_frame_0048.npz"
}
