{
  "frame_name": "orange_frame_0043",
  "crop": "orange",
  "class_id": 1,
  "class_label": "orange",
  "annotation_schema": "decision_gt_v1",
  "primary_target_id": 1,
  "targets": [
    {
      "target_id": 1,
      "picking_point": [
        163,
        151
      ],
      "approach_angle_deg": -88.09084756700362,
      "camera_pose": {
        "position_m": [
          -0.12796404529222652,
          -0.07871423387173825,
          0.4580000340938568
        ],
        "orientation_rpy_deg": [
          0.0,
          0.0,
          -88.09084756700362
        ],
        "rotation_matrix": [
          [
            0.03331483023263856,
            0.9994449069791543,
            0.0
          ],
          [
            -0.9994449069791543,
            0.03331483023263856,
            -0.0
          ],
          [
            -0.0,
            0.0,
            1.0
          ]
        ]
      }
    },
    {
      "target_id": 2,
      "picking_point": [
        427,
        351
      ],
      "approach_angle_deg": -90.0,
      "camera_pose": {
        "position_m": [
          0.09427927103890946,
          0.09524353003005703,
          0.5980000495910645
        ],
        "orientation_rpy_deg": [
          0.0,
          -10.0,
          -90.0
        ],
        "rotation_matrix": [
          [
            6.030208312509488e-17,
            1.0,
            -1.0632884247878856e-17
          ],
          [
            -0.984807753012208,
            6.123233995736766e-17,
            0.17364817766693033
          ],
          [
            0.17364817766693033,
            0.0,
            0.984807753012208
          ]
        ]
      }
    }
  ],
  "rgb_file": "rgbd/val/orange/orange_frame_0043_rgb.png",
  "depth_file": "rgbd/val/orange/orange_frame_0043.npz"
}
