{
  "frame_name": "orange_frame_0051",
  "crop": "orange",
  "class_id": 1,
  "class_label": "orange",
  "annotation_schema": "decision_gt_v1",
  "primary_target_id": 1,
  "targets": [
    {
      "target_id": 1,
      "picking_point": [
        203,
        193
      ],
      "approach_angle_deg": -75.71890426402918,
      "camera_pose": {
        "position_m": [
          -0.08996069420352772,
          -0.04318188144226566,
          0.4220000207424164
        ],
        "orientation_rpy_deg": [
          0.0,
          -5.0,
          -75.71890426402918
        ],
        "rotation_matrix": [
          [
            0.24574059149760374,
            0.9690971739229421,
            -0.021499515924195394
          ],
          [
            -0.9654094665977292,
            0.2466792806349307,
            0.08446238398791049
          ],
          [
            0.08715574274765817,
            0.0,
            0.9961946980917455
          ]
        ]
      }
    },
    {
      "target_id": 2,
      "picking_point": [
        512,
        315
      ],
      "approach_angle_deg": -85.30131948270056,
      "camera_pose": {
        "position_m": [
          0.1339708894394251,
          0.044749930381904765,
          0.4490000307559967
        ],
        "orientation_rpy_deg": [
          0.0,
          -5.0,
          -85.30131948270056
        ],
        "rotation_matrix": [
          [
            0.08160384330511539,
            0.996639273541688,
            -0.007139411189343466
          ],
          [
            -0.9928467602122385,
            0.0819155567294537,
            0.08686283613701228
          ],
          [
            0.08715574274765817,
            0.0,
            0.9961946980917455
          ]
        ]
      }
    }
  ],
  "rgb_file": "rgbd/val/orange/orange_frame_0051_rgb.png",
  "depth_file": "rgbd/val/orange/orange_frame_0051.npz"
}
