{
  "frame_name": "orange_frame_0040",
  "crop": "orange",
  "class_id": 1,
  "class_label": "orange",
  "annotation_schema": "decision_gt_v1",
  "primary_target_id": 1,
  "targets": [
    {
      "target_id": 1,
      "picking_point": [
        445,
        449
      ],
      "approach_angle_deg": -85.51539399045538,
      "camera_pose": {
        "position_m": [
          0.12268524150561311,
          0.21042998310988284,
          0.6544719338417053
        ],
        "orientation_rpy_deg": [
          0.0,
          -15.0,
          -85.51539399045538
        ],
        "rotation_matrix": [
          [
            0.07552694324297039,
            0.9969383778125515,
            -0.020237383448745153
          ],
          [
            -0.9629685263478721,
            0.07819124531863152,
            0.25802663897150063
          ],
          [
            0.25881904510252074,
            0.0,
            0.9659258262890683
          ]
        ]
      }
    },
    {
      "target_id": 2,
      "picking_point": [
        210,
        284
      ],
      "approach_angle_deg": -85.65676004831062,
      "camera_pose": {
        "position_m": [
          -0.10865615888896009,
          0.026055154754584843,
          0.5390000343322754
        ],
        "orientation_rpy_deg": [
          0.0,
          -10.0,
          -85.65676004831062
        ],
        "rotation_matrix": [
          [
            0.07458073259061483,
            0.9971282646515235,
            -0.013150595396728524
          ],
          [
            -0.9819796457764292,
            0.07573126060644478,
            0.17314950605692567
          ],
          [
            0.17364817766693033,
            0.0,
            0.984807753012208
          ]
        ]
      }
    },
    {
      "target_id": 3,
      "picking_point": [
        552,
        128
      ],
      "approach_angle_deg": -77.34744349944204,
      "camera_pose": {
        "position_m": [
          0.2271436870187997,
          -0.13079616291142568,
          0.6230000257492065
        ],
        "orientation_rpy_deg": [
          0.0,
          -5.0,
          -77.34744349944204
        ],
        "rotation_matrix": [
          [
            0.21820483528475926,
            0.9757162520935706,
            -0.01909044941395797
          ],
          [
            -0.972003357177564,
            0.21903834230671992,
            0.08503927466217642
          ],
          [
            0.08715574274765817,
            0.0,
            0.9961946980917455
          ]
        ]
      }
    }
  ],
  "rgb_file": "rgbd/val/orange/orange_frame_0040_rgb.png",
  "depth_file": "rgbd/val/orange/orange_frame_0040.npz"
}
