{
  "frame_name": "orange_frame_0044",
  "crop": "orange",
  "class_id": 1,
  "class_label": "orange",
  "annotation_schema": "decision_gt_v1",
  "primary_target_id": 1,
  "targets": [
    {
      "target_id": 1,
      "picking_point": [
        160,
        141
      ],
      "approach_angle_deg": -91.48786752882778,
      "camera_pose": {
        "position_m": [
          -0.1279638019823163,
          -0.08478985305580027,
          0.45000001788139343
        ],
        "orientation_rpy_deg": [
          0.0,
          -10.0,
          -91.48786752882778
        ],
        "rotation_matrix": [
          [
            -0.025570797940758973,
            0.9996628455736942,
            0.004508821595200263
          ],
          [
            -0.9844757207192197,
            -0.02596526871619987,
            0.17358963141521
          ],
          [
            0.17364817766693033,
            0.0,
            0.984807753012208
          ]
        ]
      }
    },
    {
      "target_id": 2,
      "picking_point": [
        428,
        354
      ],
      "approach_angle_deg": -89.2559407971113,
      "camera_pose": {
        "position_m": [
          0.09638445425330186,
          0.09936346820891376,
          0.6050000190734863
        ],
        "orientation_rpy_deg": [
          0.0,
          -5.0,
          -89.2559407971113
        ],
        "rotation_matrix": [
          [
            0.012936502576233883,
            0.9999156794129789,
            -0.0011317973210943752
          ],
          [
            -0.9961106983700151,
            0.01298591791445419,
            0.08714839372426741
          ],
          [
            0.08715574274765817,
            0.0,
            0.9961946980917455
          ]
        ]
      }
    }
  ],
  "rgb_file": "rgbd/val/orange/orange_frame_0044_rgb.png",
  "depth_file": "rgbd/val/orange/orange_frame_0044.npz"
}
