{
  "frame_name": "orange_frame_0038",
  "crop": "orange",
  "class_id": 1,
  "class_label": "orange",
  "annotation_schema": "decision_gt_v1",
  "primary_target_id": 1,
  "targets": [
    {
      "target_id": 1,
      "picking_point": [
        208,
        282
      ],
      "approach_angle_deg": -85.42607874009914,
      "camera_pose": {
        "position_m": [
          -0.10962120122829368,
          0.024090221585732114,
          0.5350000262260437
        ],
        "orientation_rpy_deg": [
          0.0,
          -15.0,
          -85.42607874009914
        ],
        "rotation_matrix": [
          [
            0.07702796972620579,
            0.9968152785361251,
            -0.020639582282745806
          ],
          [
            -0.9628496215775744,
            0.07974522228288984,
            0.2579947785343231
          ],
          [
            0.25881904510252074,
            0.0,
            0.9659258262890683
          ]
        ]
      }
    },
    {
      "target_id": 2,
      "picking_point": [
        448,
        461
      ],
      "approach_angle_deg": -88.66778014613037,
      "camera_pose": {
        "position_m": [
          0.1348863047835876,
          0.23931312719342324,
          0.7009871006011963
        ],
        "orientation_rpy_deg": [
          0.0,
          -25.0,
          -88.66778014613037
        ],
        "rotation_matrix": [
          [
            0.021071228043629188,
            0.9997296931968458,
            -0.00982567500347466
          ],
          [
            -0.9060628058760622,
            0.02324952774876367,
            0.4225040251494137
          ],
          [
            0.42261826174069944,
            0.0,
            0.9063077870366499
          ]
        ]
      }
    },
    {
      "target_id": 3,
      "picking_point": [
        546,
        134
      ],
      "approach_angle_deg": -75.96375653207353,
      "camera_pose": {
        "position_m": [
          0.21705409322260844,
          -0.12240712184505036,
          0.612000048160553
        ],
        "orientation_rpy_deg": [
          0.0,
          10.0,
          -75.96375653207353
        ],
        "rotation_matrix": [
          [
            0.2388509639174424,
            0.9701425001453319,
            0.04211586930686913
          ],
          [
            -0.9554038556697699,
            0.24253562503633289,
            -0.16846347722747657
          ],
          [
            -0.17364817766693033,
            0.0,
            0.984807753012208
          ]
        ]
      }
    }
  ],
  "rgb_file": "rgbd/val/orange/orange_frame_0038_rgb.png",
  "depth_file": "rgbd/val/orange/orange_frame_0038.npz"
}
