{
  "frame_name": "orange_frame_0047",
  "crop": "orange",
  "class_id": 1,
  "class_label": "orange",
  "annotation_schema": "decision_gt_v1",
  "primary_target_id": 1,
  "targets": [
    {
      "target_id": 1,
      "picking_point": [
        483,
        340
      ],
      "approach_angle_deg": -85.23635830927383,
      "camera_pose": {
        "position_m": [
          0.12318021611710381,
          0.06940037369628523,
          0.492000013589859
        ],
        "orientation_rpy_deg": [
          0.0,
          -5.0,
          -85.23635830927383
        ],
        "rotation_matrix": [
          [
            0.0827294667307807,
            0.9965457582448796,
            -0.007237890478488396
          ],
          [
            -0.9927536007693675,
            0.08304547985374004,
            0.08685468574186067
          ],
          [
            0.08715574274765817,
            0.0,
            0.9961946980917455
          ]
        ]
      }
    },
    {
      "target_id": 2,
      "picking_point": [
        201,
        217
      ],
      "approach_angle_deg": -85.98582430458899,
      "camera_pose": {
        "position_m": [
          -0.10077426571668954,
          -0.029135616505665433,
          0.4654958218336105
        ],
        "orientation_rpy_deg": [
          0.0,
          -10.0,
          -85.98582430458899
        ],
        "rotation_matrix": [
          [
            0.06893977433851962,
            0.9975467611004155,
            -0.012155942259834079
          ],
          [
            -0.9823917843239061,
            0.07000328148073082,
            0.17322217720263586
          ],
          [
            0.17364817766693033,
            0.0,
            0.984807753012208
          ]
        ]
      }
    },
    {
      "target_id": 3,
      "picking_point": [
        152,
        63
      ],
      "approach_angle_deg": -87.66269414087618,
      "camera_pose": {
        "position_m": [
          -0.10535326333245391,
          -0.11241787903308016,
          0.3540000021457672
        ],
        "orientation_rpy_deg": [
          0.0,
          -5.0,
          -87.66269414087618
        ],
        "rotation_matrix": [
          [
            0.04062718028577322,
            0.9991680531005774,
            -0.003554417706029066
          ],
          [
            -0.9953659170014469,
            0.040782369514309164,
            0.08708323379771238
          ],
          [
            0.08715574274765817,
            0.0,
            0.9961946980917455
          ]
        ]
      }
    }
  ],
  "rgb_file": "rgbd/val/orange/orange_frame_0047_rgb.png",
  "depth_file": "rgbd/val/orange/orange_frame_0047.npz"
}
