{
  "frame_name": "orange_frame_0054",
  "crop": "orange",
  "class_id": 1,
  "class_label": "orange",
  "annotation_schema": "decision_gt_v1",
  "primary_target_id": 1,
  "targets": [
    {
      "target_id": 1,
      "picking_point": [
        229,
        182
      ],
      "approach_angle_deg": -80.53767779197439,
      "camera_pose": {
        "position_m": [
          -0.11688184831237854,
          -0.08281041136004953,
          0.687000036239624
        ],
        "orientation_rpy_deg": [
          0.0,
          -5.0,
          -80.53767779197439
        ],
        "rotation_matrix": [
          [
            0.16377339952524902,
            0.9863939238321437,
            -0.014328315845561233
          ],
          [
            -0.9826403971514946,
            0.1643989873053572,
            0.08596989507336744
          ],
          [
            0.08715574274765817,
            0.0,
            0.9961946980917455
          ]
        ]
      }
    },
    {
      "target_id": 2,
      "picking_point": [
        620,
        306
      ],
      "approach_angle_deg": -83.38653951768524,
      "camera_pose": {
        "position_m": [
          0.14219707764949083,
          0.025259874419584896,
          0.2980000078678131
        ],
        "orientation_rpy_deg": [
          0.0,
          0.0,
          -83.38653951768524
        ],
        "rotation_matrix": [
          [
            0.11517052011979119,
            0.9933457360331984,
            0.0
          ],
          [
            -0.9933457360331984,
            0.11517052011979119,
            -0.0
          ],
          [
            -0.0,
            0.0,
            1.0
          ]
        ]
      }
    }
  ],
  "rgb_file": "rgbd/val/orange/orange_frame_0054_rgb.png",
  "depth_file": "rgbd/val/orange/orange_frame_0054.npz"
}
