{
  "frame_name": "orange_frame_0042",
  "crop": "orange",
  "class_id": 1,
  "class_label": "orange",
  "annotation_schema": "decision_gt_v1",
  "primary_target_id": 1,
  "targets": [
    {
      "target_id": 1,
      "picking_point": [
        199,
        228
      ],
      "approach_angle_deg": -87.47388308838046,
      "camera_pose": {
        "position_m": [
          -0.1169330887327346,
          -0.023609129694136814,
          0.5320000052452087
        ],
        "orientation_rpy_deg": [
          0.0,
          -10.0,
          -87.47388308838046
        ],
        "rotation_matrix": [
          [
            0.04340518020196788,
            0.999028234937562,
            -0.007653504372119836
          ],
          [
            -0.9838507512446126,
            0.044074775070774466,
            0.17347943243471758
          ],
          [
            0.17364817766693033,
            0.0,
            0.984807753012208
          ]
        ]
      }
    },
    {
      "target_id": 2,
      "picking_point": [
        433,
        387
      ],
      "approach_angle_deg": -90.0,
      "camera_pose": {
        "position_m": [
          0.12757816461682744,
          0.16661783654158083,
          0.7612484693527222
        ],
        "orientation_rpy_deg": [
          0.0,
          -5.0,
          -90.0
        ],
        "rotation_matrix": [
          [
            6.099933241728101e-17,
            1.0,
            -5.336750069161486e-18
          ],
          [
            -0.9961946980917455,
            6.123233995736766e-17,
            0.08715574274765817
          ],
          [
            0.08715574274765817,
            0.0,
            0.9961946980917455
          ]
        ]
      }
    },
    {
      "target_id": 3,
      "picking_point": [
        539,
        65
      ],
      "approach_angle_deg": -88.02506598911803,
      "camera_pose": {
        "position_m": [
          0.20550190237967464,
          -0.18823772374630293,
          0.5990000367164612
        ],
        "orientation_rpy_deg": [
          0.0,
          0.0,
          -88.02506598911803
        ],
        "rotation_matrix": [
          [
            0.03446227583977866,
            0.9994059993535875,
            0.0
          ],
          [
            -0.9994059993535875,
            0.03446227583977866,
            -0.0
          ],
          [
            -0.0,
            0.0,
            1.0
          ]
        ]
      }
    }
  ],
  "rgb_file": "rgbd/val/orange/orange_frame_0042_rgb.png",
  "depth_file": "rgbd/val/orange/orange_frame_0042.npz"
}
