{
  "frame_name": "orange_frame_0039",
  "crop": "orange",
  "class_id": 1,
  "class_label": "orange",
  "annotation_schema": "decision_gt_v1",
  "primary_target_id": 1,
  "targets": [
    {
      "target_id": 1,
      "picking_point": [
        209,
        281
      ],
      "approach_angle_deg": -82.11686068327027,
      "camera_pose": {
        "position_m": [
          -0.10873550242535802,
          0.023204434800553415,
          0.5350000262260437
        ],
        "orientation_rpy_deg": [
          0.0,
          0.0,
          -82.11686068327027
        ],
        "rotation_matrix": [
          [
            0.13715305847534254,
            0.9905498667663629,
            0.0
          ],
          [
            -0.9905498667663629,
            0.13715305847534254,
            -0.0
          ],
          [
            -0.0,
            0.0,
            1.0
          ]
        ]
      }
    },
    {
      "target_id": 2,
      "picking_point": [
        551,
        135
      ],
      "approach_angle_deg": -87.61405596961119,
      "camera_pose": {
        "position_m": [
          0.22440648043231542,
          -0.12264348614826139,
          0.6183000266551971
        ],
        "orientation_rpy_deg": [
          0.0,
          0.0,
          -87.61405596961119
        ],
        "rotation_matrix": [
          [
            0.04163054471218134,
            0.9991330730923519,
            0.0
          ],
          [
            -0.9991330730923519,
            0.04163054471218134,
            -0.0
          ],
          [
            -0.0,
            0.0,
            1.0
          ]
        ]
      }
    },
    {
      "target_id": 3,
      "picking_point": [
        447,
        457
      ],
      "approach_angle_deg": -83.85337434035333,
      "camera_pose": {
        "position_m": [
          0.1459676825187212,
          0.25615352134812586,
          0.7651586532592773
        ],
        "orientation_rpy_deg": [
          0.0,
          -25.0,
          -83.85337434035333
        ],
        "rotation_matrix": [
          [
            0.09704127468912249,
            0.9942511402566916,
            -0.045251089544660644
          ],
          [
            -0.901097550684708,
            0.1070731997199515,
            0.42018868862899134
          ],
          [
            0.42261826174069944,
            0.0,
            0.9063077870366499
          ]
        ]
      }
    }
  ],
  "rgb_file": "rgbd/val/orange/orange_frame_0039_rgb.png",
  "depth_file": "rgbd/val/orange/orange_frame_0039.npz"
}
