{
  "frame_name": "orange_frame_0053",
  "crop": "orange",
  "class_id": 1,
  "class_label": "orange",
  "annotation_schema": "decision_gt_v1",
  "primary_target_id": 1,
  "targets": [
    {
      "target_id": 1,
      "picking_point": [
        228,
        181
      ],
      "approach_angle_deg": -77.366638064725,
      "camera_pose": {
        "position_m": [
          -0.11750381371350645,
          -0.08358127384704674,
          0.6840000152587891
        ],
        "orientation_rpy_deg": [
          0.0,
          -5.0,
          -77.366638064725
        ],
        "rotation_matrix": [
          [
            0.21787919379301582,
            0.9757895770160064,
            -0.01906195947505675
          ],
          [
            -0.9720764030765326,
            0.21871145691738064,
            0.08504566535025324
          ],
          [
            0.08715574274765817,
            0.0,
            0.9961946980917455
          ]
        ]
      }
    },
    {
      "target_id": 2,
      "picking_point": [
        619,
        310
      ],
      "approach_angle_deg": -82.62623363866979,
      "camera_pose": {
        "position_m": [
          0.1423219120030042,
          0.027352245235979237,
          0.2993000209331512
        ],
        "orientation_rpy_deg": [
          0.0,
          -5.0,
          -82.62623363866979
        ],
        "rotation_matrix": [
          [
            0.12785315491206722,
            0.9917300292204575,
            -0.011185701650829686
          ],
          [
            -0.9879561970477917,
            0.12834153319323574,
            0.08643496730186571
          ],
          [
            0.08715574274765817,
            0.0,
            0.9961946980917455
          ]
        ]
      }
    }
  ],
  "rgb_file": "rgbd/val/orange/orange_frame_0053_rgb.png",
  "depth_file": "rgbd/val/orange/orange_frame_0053.npz"
}
