{
  "frame_name": "orange_frame_0050",
  "crop": "orange",
  "class_id": 1,
  "class_label": "orange",
  "annotation_schema": "decision_gt_v1",
  "primary_target_id": 1,
  "targets": [
    {
      "target_id": 1,
      "picking_point": [
        205,
        195
      ],
      "approach_angle_deg": -78.69006752597979,
      "camera_pose": {
        "position_m": [
          -0.08971907308411213,
          -0.04232972069833524,
          0.4275065392255783
        ],
        "orientation_rpy_deg": [
          0.0,
          -5.0,
          -78.69006752597979
        ],
        "rotation_matrix": [
          [
            0.19536985403490317,
            0.9805806756909202,
            -0.017092647422768528
          ],
          [
            -0.9768492701745162,
            0.196116135138184,
            0.08546323711384267
          ],
          [
            0.08715574274765817,
            0.0,
            0.9961946980917455
          ]
        ]
      }
    },
    {
      "target_id": 2,
      "picking_point": [
        511,
        319
      ],
      "approach_angle_deg": -85.91438322002513,
      "camera_pose": {
        "position_m": [
          0.13391002210308256,
          0.04796798845044482,
          0.45130003094673155
        ],
        "orientation_rpy_deg": [
          0.0,
          -5.0,
          -85.91438322002513
        ],
        "rotation_matrix": [
          [
            0.07097593345263314,
            0.997458699830735,
            -0.006209589560275794
          ],
          [
            -0.9936630683368641,
            0.07124704998790964,
            0.08693425384386112
          ],
          [
            0.08715574274765817,
            0.0,
            0.9961946980917455
          ]
        ]
      }
    }
  ],
  "rgb_file": "rgbd/val/orange/orange_frame_0050_rgb.png",
  "depth_file": "rgbd/val/orange/orange_frame_0050.npz"
}
