{
  "frame_name": "orange_frame_0035",
  "crop": "orange",
  "class_id": 1,
  "class_label": "orange",
  "annotation_schema": "decision_gt_v1",
  "primary_target_id": 1,
  "targets": [
    {
      "target_id": 1,
      "picking_point": [
        141,
        144
      ],
      "approach_angle_deg": -77.5500034921934,
      "camera_pose": {
        "position_m": [
          -0.11401056612554494,
          -0.06622721009375064,
          0.36100003123283386
        ],
        "orientation_rpy_deg": [
          0.0,
          -5.0,
          -77.5500034921934
        ],
        "rotation_matrix": [
          [
            0.2147671176262495,
            0.976484527684887,
            -0.018789688090435484
          ],
          [
            -0.9727687092483068,
            0.21558749312523476,
            0.0851062342919725
          ],
          [
            0.08715574274765817,
            0.0,
            0.9961946980917455
          ]
        ]
      }
    },
    {
      "target_id": 2,
      "picking_point": [
        517,
        439
      ],
      "approach_angle_deg": -80.41705527646744,
      "camera_pose": {
        "position_m": [
          0.1204229048623842,
          0.11976156723356478,
          0.39270001053810116
        ],
        "orientation_rpy_deg": [
          0.0,
          -35.0,
          -80.41705527646744
        ],
        "rotation_matrix": [
          [
            0.13636853085342016,
            0.9860456355607131,
            -0.09548627327814817
          ],
          [
            -0.8077212981317964,
            0.16647523717258791,
            0.5655725417244161
          ],
          [
            0.573576436351046,
            0.0,
            0.8191520442889918
          ]
        ]
      }
    }
  ],
  "rgb_file": "rgbd/val/orange/orange_frame_0035_rgb.png",
  "depth_file": "rgbd/val/orange/orange_frame_0035.npz"
}
