{
  "frame_name": "pepper_frame_0001",
  "crop": "pepper",
  "class_id": 2,
  "class_label": "pepper",
  "annotation_schema": "decision_gt_v1",
  "primary_target_id": 1,
  "targets": [
    {
      "target_id": 1,
      "picking_point": [
        387,
        61
      ],
      "approach_angle_deg": -87.39743779750019,
      "camera_pose": {
        "position_m": [
          0.03776354982871353,
          -0.132521785497201,
          0.4130000174045563
        ],
        "orientation_rpy_deg": [
          0.0,
          0.0,
          -87.39743779750019
        ],
        "rotation_matrix": [
          [
            0.045407660918650006,
            0.9989685402102996,
            0.0
          ],
          [
            -0.9989685402102996,
            0.045407660918650006,
            -0.0
          ],
          [
            -0.0,
            0.0,
            1.0
          ]
        ]
      }
    },
    {
      "target_id": 2,
      "picking_point": [
        497,
        120
      ],
      "approach_angle_deg": -88.18169703554817,
      "camera_pose": {
        "position_m": [
          0.12965960525153628,
          -0.10579258362309356,
          0.4740000367164612
        ],
        "orientation_rpy_deg": [
          0.0,
          0.0,
          -88.18169703554817
        ],
        "rotation_matrix": [
          [
            0.03173004683477352,
            0.9994964752953674,
            0.0
          ],
          [
            -0.9994964752953674,
            0.03173004683477352,
            -0.0
          ],
          [
            -0.0,
            0.0,
            1.0
          ]
        ]
      }
    },
    {
      "target_id": 3,
      "picking_point": [
        482,
        297
      ],
      "approach_angle_deg": -97.4314079711725,
      "camera_pose": {
        "position_m": [
          0.12012730653927882,
          0.033744115481762295,
          0.4830000102519989
        ],
        "orientation_rpy_deg": [
          0.0,
          0.0,
          -97.4314079711725
        ],
        "rotation_matrix": [
          [
            -0.12933918406776806,
            0.9916004111862218,
            -0.0
          ],
          [
            -0.9916004111862218,
            -0.12933918406776806,
            0.0
          ],
          [
            -0.0,
            0.0,
            1.0
          ]
        ]
      }
    },
    {
      "target_id": 4,
      "picking_point": [
        344,
        349
      ],
      "approach_angle_deg": -65.55604521958347,
      "camera_pose": {
        "position_m": [
          0.011947594899334033,
          0.09201566864585137,
          0.5900000333786011
        ],
        "orientation_rpy_deg": [
          0.0,
          0.0,
          -65.55604521958347
        ],
        "rotation_matrix": [
          [
            0.41380294430118403,
            0.9103664774626047,
            0.0
          ],
          [
            -0.9103664774626047,
            0.41380294430118403,
            -0.0
          ],
          [
            -0.0,
            0.0,
            1.0
          ]
        ]
      }
    },
    {
      "target_id": 5,
      "picking_point": [
        220,
        156
      ],
      "approach_angle_deg": -86.18592516570965,
      "camera_pose": {
        "position_m": [
          -0.12434238097401408,
          -0.10993030151331287,
          0.6720000505447388
        ],
        "orientation_rpy_deg": [
          0.0,
          0.0,
          -86.18592516570965
        ],
        "rotation_matrix": [
          [
            0.06651901052377394,
            0.9977851578566089,
            0.0
          ],
          [
            -0.9977851578566089,
            0.06651901052377394,
            -0.0
          ],
          [
            -0.0,
            0.0,
            1.0
          ]
        ]
      }
    },
    {
      "target_id": 6,
      "picking_point": [
        285,
        169
      ],
      "approach_angle_deg": -68.87528085392752,
      "camera_pose": {
        "position_m": [
          -0.05489435064666961,
          -0.10072264299093264,
          0.7090000510215759
        ],
        "orientation_rpy_deg": [
          0.0,
          0.0,
          -68.87528085392752
        ],
        "rotation_matrix": [
          [
            0.3603992792021623,
            0.9327981344055968,
            0.0
          ],
          [
            -0.9327981344055968,
            0.3603992792021623,
            -0.0
          ],
          [
            -0.0,
            0.0,
            1.0
          ]
        ]
      }
    },
    {
      "target_id": 7,
      "picking_point": [
        243,
        203
      ],
      "approach_angle_deg": -85.36453657309735,
      "camera_pose": {
        "position_m": [
          -0.09464000801807962,
          -0.05523586314681951,
          0.6440000534057617
        ],
        "orientation_rpy_deg": [
          0.0,
          0.0,
          -85.36453657309735
        ],
        "rotation_matrix": [
          [
            0.08081586876605483,
            0.9967290481146759,
            0.0
          ],
          [
            -0.9967290481146759,
            0.08081586876605483,
            -0.0
          ],
          [
            -0.0,
            0.0,
            1.0
          ]
        ]
      }
    },
    {
      "target_id": 8,
      "picking_point": [
        263,
        344
      ],
      "approach_angle_deg": -81.57303097851933,
      "camera_pose": {
        "position_m": [
          -0.07411393609506718,
          0.09613992479008758,
          0.6510000228881836
        ],
        "orientation_rpy_deg": [
          0.0,
          0.0,
          -81.57303097851933
        ],
        "rotation_matrix": [
          [
            0.14654866108946243,
            0.9892034623538708,
            0.0
          ],
          [
            -0.9892034623538708,
            0.14654866108946243,
            -0.0
          ],
          [
            -0.0,
            0.0,
            1.0
          ]
        ]
      }
    },
    {
      "target_id": 9,
      "picking_point": [
        417,
        458
      ],
      "approach_angle_deg": -86.53177074108285,
      "camera_pose": {
        "position_m": [
          0.08183946406130292,
          0.1951279367431945,
          0.5800000429153442
        ],
        "orientation_rpy_deg": [
          0.0,
          0.0,
          -86.53177074108285
        ],
        "rotation_matrix": [
          [
            0.06049506040189038,
            0.9981684966311908,
            0.0
          ],
          [
            -0.9981684966311908,
            0.06049506040189038,
            -0.0
          ],
          [
            -0.0,
            0.0,
            1.0
          ]
        ]
      }
    }
  ],
  "rgb_file": "rgbd/val/pepper/pepper_frame_0001_rgb.png",
  "depth_file": "rgbd/val/pepper/pepper_frame_0001.npz"
}
