{
  "frame_name": "pepper_frame_0023",
  "crop": "pepper",
  "class_id": 2,
  "class_label": "pepper",
  "annotation_schema": "decision_gt_v1",
  "primary_target_id": 1,
  "targets": [
    {
      "target_id": 1,
      "picking_point": [
        139,
        245
      ],
      "approach_angle_deg": -52.49585763972986,
      "camera_pose": {
        "position_m": [
          -0.12829015819574344,
          -0.006525090618903074,
          0.4020000100135803
        ],
        "orientation_rpy_deg": [
          0.0,
          0.0,
          -52.49585763972986
        ],
        "rotation_matrix": [
          [
            0.6088187851390504,
            0.7933093260902778,
            0.0
          ],
          [
            -0.7933093260902778,
            0.6088187851390504,
            -0.0
          ],
          [
            -0.0,
            0.0,
            1.0
          ]
        ]
      }
    },
    {
      "target_id": 2,
      "picking_point": [
        115,
        310
      ],
      "approach_angle_deg": -84.0938588862295,
      "camera_pose": {
        "position_m": [
          -0.1456979864629797,
          0.03710327859918667,
          0.406000018119812
        ],
        "orientation_rpy_deg": [
          0.0,
          0.0,
          -84.0938588862295
        ],
        "rotation_matrix": [
          [
            0.10289915108550533,
            0.9946917938265513,
            0.0
          ],
          [
            -0.9946917938265513,
            0.10289915108550533,
            -0.0
          ],
          [
            -0.0,
            0.0,
            1.0
          ]
        ]
      }
    },
    {
      "target_id": 3,
      "picking_point": [
        82,
        245
      ],
      "approach_angle_deg": -62.4471884232822,
      "camera_pose": {
        "position_m": [
          -0.15770658716164337,
          -0.006190720601791083,
          0.38140002787113186
        ],
        "orientation_rpy_deg": [
          0.0,
          0.0,
          -62.4471884232822
        ],
        "rotation_matrix": [
          [
            0.46256600669501996,
            0.8865848461654546,
            0.0
          ],
          [
            -0.8865848461654546,
            0.46256600669501996,
            -0.0
          ],
          [
            -0.0,
            0.0,
            1.0
          ]
        ]
      }
    },
    {
      "target_id": 4,
      "picking_point": [
        381,
        160
      ],
      "approach_angle_deg": -72.64597536373867,
      "camera_pose": {
        "position_m": [
          0.04499026284723894,
          -0.0866441579766768,
          0.5520000457763672
        ],
        "orientation_rpy_deg": [
          0.0,
          0.0,
          -72.64597536373867
        ],
        "rotation_matrix": [
          [
            0.29827499313594685,
            0.9544799780350297,
            0.0
          ],
          [
            -0.9544799780350297,
            0.29827499313594685,
            -0.0
          ],
          [
            -0.0,
            0.0,
            1.0
          ]
        ]
      }
    },
    {
      "target_id": 5,
      "picking_point": [
        429,
        433
      ],
      "approach_angle_deg": -102.52880770915151,
      "camera_pose": {
        "position_m": [
          0.0785527089312784,
          0.1439773580444953,
          0.4880000352859497
        ],
        "orientation_rpy_deg": [
          0.0,
          0.0,
          -102.52880770915151
        ],
        "rotation_matrix": [
          [
            -0.21693045781865608,
            0.9761870601839528,
            -0.0
          ],
          [
            -0.9761870601839528,
            -0.21693045781865608,
            0.0
          ],
          [
            -0.0,
            0.0,
            1.0
          ]
        ]
      }
    },
    {
      "target_id": 6,
      "picking_point": [
        486,
        253
      ],
      "approach_angle_deg": -87.27368900609373,
      "camera_pose": {
        "position_m": [
          0.11694244077160458,
          -0.0013676609590242857,
          0.4580000340938568
        ],
        "orientation_rpy_deg": [
          0.0,
          0.0,
          -87.27368900609373
        ],
        "rotation_matrix": [
          [
            0.04756514941544941,
            0.9988681377244376,
            0.0
          ],
          [
            -0.9988681377244376,
            0.04756514941544941,
            -0.0
          ],
          [
            -0.0,
            0.0,
            1.0
          ]
        ]
      }
    }
  ],
  "rgb_file": "rgbd/val/pepper/pepper_frame_0023_rgb.png",
  "depth_file": "rgbd/val/pepper/pepper_frame_0023.npz"
}
