{
  "frame_name": "pepper_frame_0008",
  "crop": "pepper",
  "class_id": 2,
  "class_label": "pepper",
  "annotation_schema": "decision_gt_v1",
  "primary_target_id": 1,
  "targets": [
    {
      "target_id": 1,
      "picking_point": [
        360,
        40
      ],
      "approach_angle_deg": -81.2538377374448,
      "camera_pose": {
        "position_m": [
          0.018033223118391936,
          -0.13721984837723722,
          0.38583356738090513
        ],
        "orientation_rpy_deg": [
          0.0,
          0.0,
          -81.2538377374448
        ],
        "rotation_matrix": [
          [
            0.15205718425394102,
            0.9883716976506172,
            0.0
          ],
          [
            -0.9883716976506172,
            0.15205718425394102,
            -0.0
          ],
          [
            -0.0,
            0.0,
            1.0
          ]
        ]
      }
    },
    {
      "target_id": 2,
      "picking_point": [
        187,
        138
      ],
      "approach_angle_deg": -83.8844964337146,
      "camera_pose": {
        "position_m": [
          -0.14955107366127846,
          -0.12067468647990022,
          0.6240000128746033
        ],
        "orientation_rpy_deg": [
          0.0,
          0.0,
          -83.8844964337146
        ],
        "rotation_matrix": [
          [
            0.10653312363426519,
            0.994309153919809,
            0.0
          ],
          [
            -0.994309153919809,
            0.10653312363426519,
            -0.0
          ],
          [
            -0.0,
            0.0,
            1.0
          ]
        ]
      }
    },
    {
      "target_id": 3,
      "picking_point": [
        252,
        153
      ],
      "approach_angle_deg": -73.85566121971652,
      "camera_pose": {
        "position_m": [
          -0.087421686791177,
          -0.11158260875231683,
          0.6620000600814819
        ],
        "orientation_rpy_deg": [
          0.0,
          0.0,
          -73.85566121971652
        ],
        "rotation_matrix": [
          [
            0.2780580765410572,
            0.9605642644145614,
            0.0
          ],
          [
            -0.9605642644145614,
            0.2780580765410572,
            -0.0
          ],
          [
            -0.0,
            0.0,
            1.0
          ]
        ]
      }
    },
    {
      "target_id": 4,
      "picking_point": [
        206,
        187
      ],
      "approach_angle_deg": -75.65066795705286,
      "camera_pose": {
        "position_m": [
          -0.1238852266248161,
          -0.06679517038366155,
          0.5950000286102295
        ],
        "orientation_rpy_deg": [
          0.0,
          0.0,
          -75.65066795705286
        ],
        "rotation_matrix": [
          [
            0.24783324998263317,
            0.9688027044775658,
            0.0
          ],
          [
            -0.9688027044775658,
            0.24783324998263317,
            -0.0
          ],
          [
            -0.0,
            0.0,
            1.0
          ]
        ]
      }
    },
    {
      "target_id": 5,
      "picking_point": [
        478,
        107
      ],
      "approach_angle_deg": -92.2025981617658,
      "camera_pose": {
        "position_m": [
          0.11264388844632901,
          -0.11386583602520815,
          0.4653000146150589
        ],
        "orientation_rpy_deg": [
          0.0,
          0.0,
          -92.2025981617658
        ],
        "rotation_matrix": [
          [
            -0.038433122101204344,
            0.9992611746313143,
            -0.0
          ],
          [
            -0.9992611746313143,
            -0.038433122101204344,
            0.0
          ],
          [
            -0.0,
            0.0,
            1.0
          ]
        ]
      }
    },
    {
      "target_id": 6,
      "picking_point": [
        453,
        288
      ],
      "approach_angle_deg": -98.74616226255522,
      "camera_pose": {
        "position_m": [
          0.10998411994283845,
          0.03011945550733226,
          0.5480000376701355
        ],
        "orientation_rpy_deg": [
          0.0,
          0.0,
          -98.74616226255522
        ],
        "rotation_matrix": [
          [
            -0.15205718425394113,
            0.9883716976506172,
            -0.0
          ],
          [
            -0.9883716976506172,
            -0.15205718425394113,
            0.0
          ],
          [
            -0.0,
            0.0,
            1.0
          ]
        ]
      }
    },
    {
      "target_id": 7,
      "picking_point": [
        313,
        341
      ],
      "approach_angle_deg": -60.524110996754246,
      "camera_pose": {
        "position_m": [
          -0.01752387681814331,
          0.08049032659434956,
          0.5640000104904175
        ],
        "orientation_rpy_deg": [
          0.0,
          0.0,
          -60.524110996754246
        ],
        "rotation_matrix": [
          [
            0.49205725666790223,
            0.8705628387201341,
            0.0
          ],
          [
            -0.8705628387201341,
            0.49205725666790223,
            -0.0
          ],
          [
            -0.0,
            0.0,
            1.0
          ]
        ]
      }
    },
    {
      "target_id": 8,
      "picking_point": [
        229,
        340
      ],
      "approach_angle_deg": -82.23483398157467,
      "camera_pose": {
        "position_m": [
          -0.1048533994762659,
          0.08693384708229077,
          0.6163000524044037
        ],
        "orientation_rpy_deg": [
          0.0,
          0.0,
          -82.23483398157467
        ],
        "rotation_matrix": [
          [
            0.1351132047333135,
            0.9908301680442989,
            0.0
          ],
          [
            -0.9908301680442989,
            0.1351132047333135,
            -0.0
          ],
          [
            -0.0,
            0.0,
            1.0
          ]
        ]
      }
    },
    {
      "target_id": 9,
      "picking_point": [
        387,
        452
      ],
      "approach_angle_deg": -83.99099404250548,
      "camera_pose": {
        "position_m": [
          0.05147912479404483,
          0.18381578920134656,
          0.5630000233650208
        ],
        "orientation_rpy_deg": [
          0.0,
          0.0,
          -83.99099404250548
        ],
        "rotation_matrix": [
          [
            0.10468478451804264,
            0.994505452921406,
            0.0
          ],
          [
            -0.994505452921406,
            0.10468478451804264,
            -0.0
          ],
          [
            -0.0,
            0.0,
            1.0
          ]
        ]
      }
    }
  ],
  "rgb_file": "rgbd/val/pepper/pepper_frame_0008_rgb.png",
  "depth_file": "rgbd/val/pepper/pepper_frame_0008.npz"
}
