{
  "frame_name": "pepper_frame_0015",
  "crop": "pepper",
  "class_id": 2,
  "class_label": "pepper",
  "annotation_schema": "decision_gt_v1",
  "primary_target_id": 1,
  "targets": [
    {
      "target_id": 1,
      "picking_point": [
        157,
        403
      ],
      "approach_angle_deg": -88.36342295838328,
      "camera_pose": {
        "position_m": [
          -0.12990941606298073,
          0.11016901101312625,
          0.4490000307559967
        ],
        "orientation_rpy_deg": [
          0.0,
          0.0,
          -88.36342295838328
        ],
        "rotation_matrix": [
          [
            0.028559773898877084,
            0.9995920864606948,
            0.0
          ],
          [
            -0.9995920864606948,
            0.028559773898877084,
            -0.0
          ],
          [
            -0.0,
            0.0,
            1.0
          ]
        ]
      }
    },
    {
      "target_id": 2,
      "picking_point": [
        258,
        396
      ],
      "approach_angle_deg": -61.38954033403479,
      "camera_pose": {
        "position_m": [
          -0.06024369673477845,
          0.11532147556307491,
          0.4933000266551971
        ],
        "orientation_rpy_deg": [
          0.0,
          0.0,
          -61.38954033403479
        ],
        "rotation_matrix": [
          [
            0.4788521306805732,
            0.8778955729143844,
            0.0
          ],
          [
            -0.8778955729143844,
            0.4788521306805732,
            -0.0
          ],
          [
            -0.0,
            0.0,
            1.0
          ]
        ]
      }
    },
    {
      "target_id": 3,
      "picking_point": [
        410,
        338
      ],
      "approach_angle_deg": -102.52880770915151,
      "camera_pose": {
        "position_m": [
          0.06475696595146756,
          0.06887315695626009,
          0.5
        ],
        "orientation_rpy_deg": [
          0.0,
          0.0,
          -102.52880770915151
        ],
        "rotation_matrix": [
          [
            -0.21693045781865608,
            0.9761870601839528,
            -0.0
          ],
          [
            -0.9761870601839528,
            -0.21693045781865608,
            0.0
          ],
          [
            -0.0,
            0.0,
            1.0
          ]
        ]
      }
    },
    {
      "target_id": 4,
      "picking_point": [
        440,
        141
      ],
      "approach_angle_deg": -94.23639479905884,
      "camera_pose": {
        "position_m": [
          0.08319294490989103,
          -0.08748428674427693,
          0.46430002152919764
        ],
        "orientation_rpy_deg": [
          0.0,
          0.0,
          -94.23639479905884
        ],
        "rotation_matrix": [
          [
            -0.0738716855153119,
            0.997267754456709,
            -0.0
          ],
          [
            -0.997267754456709,
            -0.0738716855153119,
            0.0
          ],
          [
            -0.0,
            0.0,
            1.0
          ]
        ]
      }
    },
    {
      "target_id": 5,
      "picking_point": [
        328,
        60
      ],
      "approach_angle_deg": -86.42366562500266,
      "camera_pose": {
        "position_m": [
          -0.0022768800969334845,
          -0.1177240577241285,
          0.36500000953674316
        ],
        "orientation_rpy_deg": [
          0.0,
          0.0,
          -86.42366562500266
        ],
        "rotation_matrix": [
          [
            0.062378286155180526,
            0.9980525784828885,
            0.0
          ],
          [
            -0.9980525784828885,
            0.062378286155180526,
            -0.0
          ],
          [
            -0.0,
            0.0,
            1.0
          ]
        ]
      }
    },
    {
      "target_id": 6,
      "picking_point": [
        184,
        178
      ],
      "approach_angle_deg": -75.96375653207353,
      "camera_pose": {
        "position_m": [
          -0.1597445220162742,
          -0.08303670867702406,
          0.6530000567436218
        ],
        "orientation_rpy_deg": [
          0.0,
          0.0,
          -75.96375653207353
        ],
        "rotation_matrix": [
          [
            0.24253562503633289,
            0.9701425001453319,
            0.0
          ],
          [
            -0.9701425001453319,
            0.24253562503633289,
            -0.0
          ],
          [
            -0.0,
            0.0,
            1.0
          ]
        ]
      }
    },
    {
      "target_id": 7,
      "picking_point": [
        103,
        157
      ],
      "approach_angle_deg": -61.26020470831196,
      "camera_pose": {
        "position_m": [
          -0.20375576796259273,
          -0.0871189231682959,
          0.5380000472068787
        ],
        "orientation_rpy_deg": [
          0.0,
          0.0,
          -61.26020470831196
        ],
        "rotation_matrix": [
          [
            0.4808326112068524,
            0.8768124086713189,
            0.0
          ],
          [
            -0.8768124086713189,
            0.4808326112068524,
            -0.0
          ],
          [
            -0.0,
            0.0,
            1.0
          ]
        ]
      }
    },
    {
      "target_id": 8,
      "picking_point": [
        132,
        216
      ],
      "approach_angle_deg": -78.11134196037202,
      "camera_pose": {
        "position_m": [
          -0.16843484647604925,
          -0.03272057892426227,
          0.5093000173568725
        ],
        "orientation_rpy_deg": [
          0.0,
          0.0,
          -78.11134196037202
        ],
        "rotation_matrix": [
          [
            0.20601048104984201,
            0.9785497849867489,
            0.0
          ],
          [
            -0.9785497849867489,
            0.20601048104984201,
            -0.0
          ],
          [
            -0.0,
            0.0,
            1.0
          ]
        ]
      }
    }
  ],
  "rgb_file": "rgbd/val/pepper/pepper_frame_0015_rgb.png",
  "depth_file": "rgbd/val/pepper/pepper_frame_0015.npz"
}
