{
  "frame_name": "pepper_frame_0055",
  "crop": "pepper",
  "class_id": 2,
  "class_label": "pepper",
  "annotation_schema": "decision_gt_v1",
  "primary_target_id": 1,
  "targets": [
    {
      "target_id": 1,
      "picking_point": [
        394,
        53
      ],
      "approach_angle_deg": -81.86989764584403,
      "camera_pose": {
        "position_m": [
          0.0469210150149415,
          -0.1521689048247846,
          0.4554300010204315
        ],
        "orientation_rpy_deg": [
          0.0,
          0.0,
          -81.86989764584403
        ],
        "rotation_matrix": [
          [
            0.14142135623730923,
            0.9899494936611666,
            0.0
          ],
          [
            -0.9899494936611666,
            0.14142135623730923,
            -0.0
          ],
          [
            -0.0,
            0.0,
            1.0
          ]
        ]
      }
    },
    {
      "target_id": 2,
      "picking_point": [
        383,
        95
      ],
      "approach_angle_deg": -82.8749836510982,
      "camera_pose": {
        "position_m": [
          0.036659215103382985,
          -0.11435938833909384,
          0.4322250187397003
        ],
        "orientation_rpy_deg": [
          0.0,
          0.0,
          -82.8749836510982
        ],
        "rotation_matrix": [
          [
            0.12403473458920833,
            0.9922778767136676,
            0.0
          ],
          [
            -0.9922778767136676,
            0.12403473458920833,
            -0.0
          ],
          [
            -0.0,
            0.0,
            1.0
          ]
        ]
      }
    },
    {
      "target_id": 3,
      "picking_point": [
        519,
        235
      ],
      "approach_angle_deg": -77.7352262721076,
      "camera_pose": {
        "position_m": [
          0.15989993385722492,
          -0.016914350727113166,
          0.5158649682998657
        ],
        "orientation_rpy_deg": [
          0.0,
          0.0,
          -77.7352262721076
        ],
        "rotation_matrix": [
          [
            0.2124296443310437,
            0.9771763639228009,
            0.0
          ],
          [
            -0.9771763639228009,
            0.2124296443310437,
            -0.0
          ],
          [
            -0.0,
            0.0,
            1.0
          ]
        ]
      }
    },
    {
      "target_id": 4,
      "picking_point": [
        431,
        252
      ],
      "approach_angle_deg": -83.418055344822,
      "camera_pose": {
        "position_m": [
          0.08327994094881269,
          -0.002353131984812924,
          0.5069400072097778
        ],
        "orientation_rpy_deg": [
          0.0,
          0.0,
          -83.418055344822
        ],
        "rotation_matrix": [
          [
            0.11462410798513048,
            0.9934089358711311,
            0.0
          ],
          [
            -0.9934089358711311,
            0.11462410798513048,
            -0.0
          ],
          [
            -0.0,
            0.0,
            1.0
          ]
        ]
      }
    },
    {
      "target_id": 5,
      "picking_point": [
        571,
        341
      ],
      "approach_angle_deg": -93.94518622903756,
      "camera_pose": {
        "position_m": [
          0.19077593702915496,
          0.06874430293347451,
          0.4816949963569641
        ],
        "orientation_rpy_deg": [
          0.0,
          0.0,
          -93.94518622903756
        ],
        "rotation_matrix": [
          [
            -0.06880209161537808,
            0.997630328422983,
            -0.0
          ],
          [
            -0.997630328422983,
            -0.06880209161537808,
            0.0
          ],
          [
            -0.0,
            0.0,
            1.0
          ]
        ]
      }
    }
  ],
  "rgb_file": "rgbd/val/pepper/pepper_frame_0055_rgb.png",
  "depth_file": "rgbd/val/pepper/pepper_frame_0055.npz"
}
