{
  "frame_name": "pepper_frame_0003",
  "crop": "pepper",
  "class_id": 2,
  "class_label": "pepper",
  "annotation_schema": "decision_gt_v1",
  "primary_target_id": 1,
  "targets": [
    {
      "target_id": 1,
      "picking_point": [
        498,
        113
      ],
      "approach_angle_deg": -85.76360520094116,
      "camera_pose": {
        "position_m": [
          0.1579642041668468,
          -0.13476419117437716,
          0.5740000009536743
        ],
        "orientation_rpy_deg": [
          0.0,
          0.0,
          -85.76360520094116
        ],
        "rotation_matrix": [
          [
            0.0738716855153118,
            0.997267754456709,
            0.0
          ],
          [
            -0.997267754456709,
            0.0738716855153118,
            -0.0
          ],
          [
            -0.0,
            0.0,
            1.0
          ]
        ]
      }
    },
    {
      "target_id": 2,
      "picking_point": [
        386,
        54
      ],
      "approach_angle_deg": -90.0,
      "camera_pose": {
        "position_m": [
          0.036720696135586726,
          -0.13597847990771422,
          0.4090000092983246
        ],
        "orientation_rpy_deg": [
          0.0,
          0.0,
          -90.0
        ],
        "rotation_matrix": [
          [
            6.123233995736766e-17,
            1.0,
            0.0
          ],
          [
            -1.0,
            6.123233995736766e-17,
            -0.0
          ],
          [
            -0.0,
            0.0,
            1.0
          ]
        ]
      }
    },
    {
      "target_id": 3,
      "picking_point": [
        219,
        155
      ],
      "approach_angle_deg": -70.25316339457389,
      "camera_pose": {
        "position_m": [
          -0.12358799867248205,
          -0.10939049332703675,
          0.6620000600814819
        ],
        "orientation_rpy_deg": [
          0.0,
          0.0,
          -70.25316339457389
        ],
        "rotation_matrix": [
          [
            0.3378647536067665,
            0.9411946707617075,
            0.0
          ],
          [
            -0.9411946707617075,
            0.3378647536067665,
            -0.0
          ],
          [
            -0.0,
            0.0,
            1.0
          ]
        ]
      }
    },
    {
      "target_id": 4,
      "picking_point": [
        285,
        169
      ],
      "approach_angle_deg": -66.03751102542182,
      "camera_pose": {
        "position_m": [
          -0.07178016460827512,
          -0.13170549990116887,
          0.9270924925804138
        ],
        "orientation_rpy_deg": [
          0.0,
          0.0,
          -66.03751102542182
        ],
        "rotation_matrix": [
          [
            0.40613846605344756,
            0.9138115486202572,
            0.0
          ],
          [
            -0.9138115486202572,
            0.40613846605344756,
            -0.0
          ],
          [
            -0.0,
            0.0,
            1.0
          ]
        ]
      }
    },
    {
      "target_id": 5,
      "picking_point": [
        244,
        199
      ],
      "approach_angle_deg": -74.74488129694222,
      "camera_pose": {
        "position_m": [
          -0.09110373837901643,
          -0.05793020805126626,
          0.6270000338554382
        ],
        "orientation_rpy_deg": [
          0.0,
          0.0,
          -74.74488129694222
        ],
        "rotation_matrix": [
          [
            0.26311740579210874,
            0.9647638212377322,
            0.0
          ],
          [
            -0.9647638212377322,
            0.26311740579210874,
            -0.0
          ],
          [
            -0.0,
            0.0,
            1.0
          ]
        ]
      }
    },
    {
      "target_id": 6,
      "picking_point": [
        260,
        343
      ],
      "approach_angle_deg": -88.36342295838328,
      "camera_pose": {
        "position_m": [
          -0.07746596185234252,
          0.09520810239137517,
          0.6520000100135803
        ],
        "orientation_rpy_deg": [
          0.0,
          0.0,
          -88.36342295838328
        ],
        "rotation_matrix": [
          [
            0.028559773898877084,
            0.9995920864606948,
            0.0
          ],
          [
            -0.9995920864606948,
            0.028559773898877084,
            -0.0
          ],
          [
            -0.0,
            0.0,
            1.0
          ]
        ]
      }
    },
    {
      "target_id": 7,
      "picking_point": [
        347,
        341
      ],
      "approach_angle_deg": -72.5528115767178,
      "camera_pose": {
        "position_m": [
          0.015306535078778154,
          0.08662700637284246,
          0.6070000529289246
        ],
        "orientation_rpy_deg": [
          0.0,
          0.0,
          -72.5528115767178
        ],
        "rotation_matrix": [
          [
            0.2998265967403945,
            0.9539937169012556,
            0.0
          ],
          [
            -0.9539937169012556,
            0.2998265967403945,
            -0.0
          ],
          [
            -0.0,
            0.0,
            1.0
          ]
        ]
      }
    },
    {
      "target_id": 8,
      "picking_point": [
        481,
        294
      ],
      "approach_angle_deg": -100.88552705465874,
      "camera_pose": {
        "position_m": [
          0.11833947868090217,
          0.031085455840656476,
          0.4790000319480896
        ],
        "orientation_rpy_deg": [
          0.0,
          0.0,
          -100.88552705465874
        ],
        "rotation_matrix": [
          [
            -0.1888473936501245,
            0.9820064469806473,
            -0.0
          ],
          [
            -0.9820064469806473,
            -0.1888473936501245,
            0.0
          ],
          [
            -0.0,
            0.0,
            1.0
          ]
        ]
      }
    },
    {
      "target_id": 9,
      "picking_point": [
        419,
        453
      ],
      "approach_angle_deg": -93.09405805891711,
      "camera_pose": {
        "position_m": [
          0.0836154460974997,
          0.1899983306980596,
          0.5790000557899475
        ],
        "orientation_rpy_deg": [
          0.0,
          0.0,
          -93.09405805891711
        ],
        "rotation_matrix": [
          [
            -0.0539752580150005,
            0.9985422732775083,
            -0.0
          ],
          [
            -0.9985422732775083,
            -0.0539752580150005,
            0.0
          ],
          [
            -0.0,
            0.0,
            1.0
          ]
        ]
      }
    }
  ],
  "rgb_file": "rgbd/val/pepper/pepper_frame_0003_rgb.png",
  "depth_file": "rgbd/val/pepper/pepper_frame_0003.npz"
}
