{
  "frame_name": "pepper_frame_0028",
  "crop": "pepper",
  "class_id": 2,
  "class_label": "pepper",
  "annotation_schema": "decision_gt_v1",
  "primary_target_id": 1,
  "targets": [
    {
      "target_id": 1,
      "picking_point": [
        391,
        323
      ],
      "approach_angle_deg": -105.70863782901574,
      "camera_pose": {
        "position_m": [
          0.05540345319150315,
          0.06379481169625231,
          0.5649999976158142
        ],
        "orientation_rpy_deg": [
          0.0,
          0.0,
          -105.70863782901574
        ],
        "rotation_matrix": [
          [
            -0.270745576918284,
            0.962650940153899,
            -0.0
          ],
          [
            -0.962650940153899,
            -0.270745576918284,
            0.0
          ],
          [
            -0.0,
            0.0,
            1.0
          ]
        ]
      }
    },
    {
      "target_id": 2,
      "picking_point": [
        357,
        223
      ],
      "approach_angle_deg": -111.80140948635182,
      "camera_pose": {
        "position_m": [
          0.02456182531915134,
          -0.030961988847785667,
          0.5879999995231628
        ],
        "orientation_rpy_deg": [
          0.0,
          0.0,
          -111.80140948635182
        ],
        "rotation_matrix": [
          [
            -0.37139067635410367,
            0.9284766908852593,
            -0.0
          ],
          [
            -0.9284766908852593,
            -0.37139067635410367,
            0.0
          ],
          [
            -0.0,
            0.0,
            1.0
          ]
        ]
      }
    },
    {
      "target_id": 3,
      "picking_point": [
        339,
        261
      ],
      "approach_angle_deg": -107.92791976200724,
      "camera_pose": {
        "position_m": [
          0.005555287154005262,
          0.004760292236352868,
          0.46400001645088196
        ],
        "orientation_rpy_deg": [
          0.0,
          0.0,
          -107.92791976200724
        ],
        "rotation_matrix": [
          [
            -0.30782028541466244,
            0.9514445185544115,
            -0.0
          ],
          [
            -0.9514445185544115,
            -0.30782028541466244,
            0.0
          ],
          [
            -0.0,
            0.0,
            1.0
          ]
        ]
      }
    },
    {
      "target_id": 4,
      "picking_point": [
        370,
        151
      ],
      "approach_angle_deg": -130.6012946450045,
      "camera_pose": {
        "position_m": [
          0.03829254686768262,
          -0.10397840490989445,
          0.6050000190734863
        ],
        "orientation_rpy_deg": [
          0.0,
          0.0,
          -130.6012946450045
        ],
        "rotation_matrix": [
          [
            -0.6507913734559689,
            0.7592566023652962,
            -0.0
          ],
          [
            -0.7592566023652962,
            -0.6507913734559689,
            0.0
          ],
          [
            -0.0,
            0.0,
            1.0
          ]
        ]
      }
    }
  ],
  "rgb_file": "rgbd/val/pepper/pepper_frame_0028_rgb.png",
  "depth_file": "rgbd/val/pepper/pepper_frame_0028.npz"
}
