{
  "frame_name": "pepper_frame_0022",
  "crop": "pepper",
  "class_id": 2,
  "class_label": "pepper",
  "annotation_schema": "decision_gt_v1",
  "primary_target_id": 1,
  "targets": [
    {
      "target_id": 1,
      "picking_point": [
        137,
        239
      ],
      "approach_angle_deg": -57.9946167919165,
      "camera_pose": {
        "position_m": [
          -0.1302660724670283,
          -0.010570912955457054,
          0.40400001406669617
        ],
        "orientation_rpy_deg": [
          0.0,
          0.0,
          -57.9946167919165
        ],
        "rotation_matrix": [
          [
            0.52999894000318,
            0.8479983040050879,
            0.0
          ],
          [
            -0.8479983040050879,
            0.52999894000318,
            -0.0
          ],
          [
            -0.0,
            0.0,
            1.0
          ]
        ]
      }
    },
    {
      "target_id": 2,
      "picking_point": [
        109,
        312
      ],
      "approach_angle_deg": -64.05770451012833,
      "camera_pose": {
        "position_m": [
          -0.1515747868347319,
          0.03892118091341249,
          0.4110000133514404
        ],
        "orientation_rpy_deg": [
          0.0,
          0.0,
          -64.05770451012833
        ],
        "rotation_matrix": [
          [
            0.43746571884930624,
            0.899235088745796,
            0.0
          ],
          [
            -0.899235088745796,
            0.43746571884930624,
            -0.0
          ],
          [
            -0.0,
            0.0,
            1.0
          ]
        ]
      }
    },
    {
      "target_id": 3,
      "picking_point": [
        74,
        247
      ],
      "approach_angle_deg": -64.5366549381284,
      "camera_pose": {
        "position_m": [
          -0.1680921072777136,
          -0.005089273363043322,
          0.39390002191066736
        ],
        "orientation_rpy_deg": [
          0.0,
          0.0,
          -64.5366549381284
        ],
        "rotation_matrix": [
          [
            0.4299335803923476,
            0.9028605188239304,
            0.0
          ],
          [
            -0.9028605188239304,
            0.4299335803923476,
            -0.0
          ],
          [
            -0.0,
            0.0,
            1.0
          ]
        ]
      }
    },
    {
      "target_id": 4,
      "picking_point": [
        380,
        161
      ],
      "approach_angle_deg": -79.15969454566944,
      "camera_pose": {
        "position_m": [
          0.04407642031303692,
          -0.08573022466453122,
          0.5520000457763672
        ],
        "orientation_rpy_deg": [
          0.0,
          0.0,
          -79.15969454566944
        ],
        "rotation_matrix": [
          [
            0.18807227078785765,
            0.9821551918921463,
            0.0
          ],
          [
            -0.9821551918921463,
            0.18807227078785765,
            -0.0
          ],
          [
            -0.0,
            0.0,
            1.0
          ]
        ]
      }
    },
    {
      "target_id": 5,
      "picking_point": [
        484,
        253
      ],
      "approach_angle_deg": -82.5685920288275,
      "camera_pose": {
        "position_m": [
          0.11265375030404104,
          -0.00133481318710789,
          0.4470000267028808
        ],
        "orientation_rpy_deg": [
          0.0,
          0.0,
          -82.5685920288275
        ],
        "rotation_matrix": [
          [
            0.12933918406776795,
            0.9916004111862218,
            0.0
          ],
          [
            -0.9916004111862218,
            0.12933918406776795,
            -0.0
          ],
          [
            -0.0,
            0.0,
            1.0
          ]
        ]
      }
    },
    {
      "target_id": 6,
      "picking_point": [
        429,
        433
      ],
      "approach_angle_deg": -95.35582504285519,
      "camera_pose": {
        "position_m": [
          0.07935755143473794,
          0.14545253437980665,
          0.4930000305175781
        ],
        "orientation_rpy_deg": [
          0.0,
          0.0,
          -95.35582504285519
        ],
        "rotation_matrix": [
          [
            -0.09334070869305822,
            0.9956342260592881,
            -0.0
          ],
          [
            -0.9956342260592881,
            -0.09334070869305822,
            0.0
          ],
          [
            -0.0,
            0.0,
            1.0
          ]
        ]
      }
    }
  ],
  "rgb_file": "rgbd/val/pepper/pepper_frame_0022_rgb.png",
  "depth_file": "rgbd/val/pepper/pepper_frame_0022.npz"
}
