{
  "frame_name": "pepper_frame_0029",
  "crop": "pepper",
  "class_id": 2,
  "class_label": "pepper",
  "annotation_schema": "decision_gt_v1",
  "primary_target_id": 1,
  "targets": [
    {
      "target_id": 1,
      "picking_point": [
        367,
        137
      ],
      "approach_angle_deg": -128.6598082540901,
      "camera_pose": {
        "position_m": [
          0.03487950631577823,
          -0.11663667616902731,
          0.5980000495910645
        ],
        "orientation_rpy_deg": [
          0.0,
          0.0,
          -128.6598082540901
        ],
        "rotation_matrix": [
          [
            -0.6246950475544244,
            0.7808688094430303,
            -0.0
          ],
          [
            -0.7808688094430303,
            -0.6246950475544244,
            0.0
          ],
          [
            -0.0,
            0.0,
            1.0
          ]
        ]
      }
    },
    {
      "target_id": 2,
      "picking_point": [
        358,
        205
      ],
      "approach_angle_deg": -114.14554196042165,
      "camera_pose": {
        "position_m": [
          0.02731578683426965,
          -0.051866469133628766,
          0.6290000081062317
        ],
        "orientation_rpy_deg": [
          0.0,
          0.0,
          -114.14554196042165
        ],
        "rotation_matrix": [
          [
            -0.40905590409290915,
            0.9125093245149514,
            -0.0
          ],
          [
            -0.9125093245149514,
            -0.40905590409290915,
            0.0
          ],
          [
            -0.0,
            0.0,
            1.0
          ]
        ]
      }
    },
    {
      "target_id": 3,
      "picking_point": [
        343,
        234
      ],
      "approach_angle_deg": -114.14554196042165,
      "camera_pose": {
        "position_m": [
          0.00834899752419528,
          -0.015465359744560462,
          0.4490000307559967
        ],
        "orientation_rpy_deg": [
          0.0,
          0.0,
          -114.14554196042165
        ],
        "rotation_matrix": [
          [
            -0.40905590409290915,
            0.9125093245149514,
            -0.0
          ],
          [
            -0.9125093245149514,
            -0.40905590409290915,
            0.0
          ],
          [
            -0.0,
            0.0,
            1.0
          ]
        ]
      }
    },
    {
      "target_id": 4,
      "picking_point": [
        391,
        307
      ],
      "approach_angle_deg": -112.10944834375168,
      "camera_pose": {
        "position_m": [
          0.05520733729724541,
          0.048654660856854715,
          0.5630000233650208
        ],
        "orientation_rpy_deg": [
          0.0,
          0.0,
          -112.10944834375168
        ],
        "rotation_matrix": [
          [
            -0.37637704695593815,
            0.9264665771223091,
            -0.0
          ],
          [
            -0.9264665771223091,
            -0.37637704695593815,
            0.0
          ],
          [
            -0.0,
            0.0,
            1.0
          ]
        ]
      }
    }
  ],
  "rgb_file": "rgbd/val/pepper/pepper_frame_0029_rgb.png",
  "depth_file": "rgbd/val/pepper/pepper_frame_0029.npz"
}
