{
  "frame_name": "pepper_frame_0035",
  "crop": "pepper",
  "class_id": 2,
  "class_label": "pepper",
  "annotation_schema": "decision_gt_v1",
  "primary_target_id": 1,
  "targets": [
    {
      "target_id": 1,
      "picking_point": [
        245,
        122
      ],
      "approach_angle_deg": -102.52880770915151,
      "camera_pose": {
        "position_m": [
          -0.03461856682425643,
          -0.05299101870063728,
          0.24100001156330106
        ],
        "orientation_rpy_deg": [
          0.0,
          0.0,
          -102.52880770915151
        ],
        "rotation_matrix": [
          [
            -0.21693045781865608,
            0.9761870601839528,
            -0.0
          ],
          [
            -0.9761870601839528,
            -0.21693045781865608,
            0.0
          ],
          [
            -0.0,
            0.0,
            1.0
          ]
        ]
      }
    },
    {
      "target_id": 2,
      "picking_point": [
        443,
        208
      ],
      "approach_angle_deg": -111.80140948635182,
      "camera_pose": {
        "position_m": [
          0.10404238673325239,
          -0.04378274587904841,
          0.5649999976158142
        ],
        "orientation_rpy_deg": [
          0.0,
          0.0,
          -111.80140948635182
        ],
        "rotation_matrix": [
          [
            -0.37139067635410367,
            0.9284766908852593,
            -0.0
          ],
          [
            -0.9284766908852593,
            -0.37139067635410367,
            0.0
          ],
          [
            -0.0,
            0.0,
            1.0
          ]
        ]
      }
    },
    {
      "target_id": 3,
      "picking_point": [
        443,
        328
      ],
      "approach_angle_deg": -102.3390872783262,
      "camera_pose": {
        "position_m": [
          0.07807783139971225,
          0.05138437321592578,
          0.4240000247955322
        ],
        "orientation_rpy_deg": [
          0.0,
          0.0,
          -102.3390872783262
        ],
        "rotation_matrix": [
          [
            -0.21369687880543234,
            0.9769000173962616,
            -0.0
          ],
          [
            -0.9769000173962616,
            -0.21369687880543234,
            0.0
          ],
          [
            -0.0,
            0.0,
            1.0
          ]
        ]
      }
    },
    {
      "target_id": 4,
      "picking_point": [
        451,
        401
      ],
      "approach_angle_deg": -128.04704253182607,
      "camera_pose": {
        "position_m": [
          0.06553345404105818,
          0.08036190278639874,
          0.3320000171661377
        ],
        "orientation_rpy_deg": [
          0.0,
          0.0,
          -128.04704253182607
        ],
        "rotation_matrix": [
          [
            -0.6163082616581105,
            0.787505001007586,
            -0.0
          ],
          [
            -0.787505001007586,
            -0.6163082616581105,
            0.0
          ],
          [
            -0.0,
            0.0,
            1.0
          ]
        ]
      }
    }
  ],
  "rgb_file": "rgbd/val/pepper/pepper_frame_0035_rgb.png",
  "depth_file": "rgbd/val/pepper/pepper_frame_0035.npz"
}
