{
  "frame_name": "pepper_frame_0025",
  "crop": "pepper",
  "class_id": 2,
  "class_label": "pepper",
  "annotation_schema": "decision_gt_v1",
  "primary_target_id": 1,
  "targets": [
    {
      "target_id": 1,
      "picking_point": [
        528,
        149
      ],
      "approach_angle_deg": -103.34872711328738,
      "camera_pose": {
        "position_m": [
          0.14781326645060786,
          -0.07970530022835676,
          0.4550000131130218
        ],
        "orientation_rpy_deg": [
          0.0,
          0.0,
          -103.34872711328738
        ],
        "rotation_matrix": [
          [
            -0.23087729246792227,
            0.9729828754005291,
            -0.0
          ],
          [
            -0.9729828754005291,
            -0.23087729246792227,
            0.0
          ],
          [
            -0.0,
            0.0,
            1.0
          ]
        ]
      }
    },
    {
      "target_id": 2,
      "picking_point": [
        455,
        365
      ],
      "approach_angle_deg": -87.51044707800085,
      "camera_pose": {
        "position_m": [
          0.09466155205584616,
          0.08465660349935161,
          0.4640000164508819
        ],
        "orientation_rpy_deg": [
          0.0,
          0.0,
          -87.51044707800085
        ],
        "rotation_matrix": [
          [
            0.04343722427630684,
            0.9990561583550596,
            0.0
          ],
          [
            -0.9990561583550596,
            0.04343722427630684,
            -0.0
          ],
          [
            -0.0,
            0.0,
            1.0
          ]
        ]
      }
    },
    {
      "target_id": 3,
      "picking_point": [
        412,
        249
      ],
      "approach_angle_deg": -85.42607874009914,
      "camera_pose": {
        "position_m": [
          0.053794111014548,
          -0.003891590091523499,
          0.4050000309944153
        ],
        "orientation_rpy_deg": [
          0.0,
          0.0,
          -85.42607874009914
        ],
        "rotation_matrix": [
          [
            0.07974522228288984,
            0.9968152785361251,
            0.0
          ],
          [
            -0.9968152785361251,
            0.07974522228288984,
            -0.0
          ],
          [
            -0.0,
            0.0,
            1.0
          ]
        ]
      }
    },
    {
      "target_id": 4,
      "picking_point": [
        313,
        280
      ],
      "approach_angle_deg": -90.0,
      "camera_pose": {
        "position_m": [
          -0.01323612037449783,
          0.01777148454642378,
          0.42600002884864807
        ],
        "orientation_rpy_deg": [
          0.0,
          0.0,
          -90.0
        ],
        "rotation_matrix": [
          [
            6.123233995736766e-17,
            1.0,
            0.0
          ],
          [
            -1.0,
            6.123233995736766e-17,
            -0.0
          ],
          [
            -0.0,
            0.0,
            1.0
          ]
        ]
      }
    }
  ],
  "rgb_file": "rgbd/val/pepper/pepper_frame_0025_rgb.png",
  "depth_file": "rgbd/val/pepper/pepper_frame_0025.npz"
}
