{
  "frame_name": "pepper_frame_0007",
  "crop": "pepper",
  "class_id": 2,
  "class_label": "pepper",
  "annotation_schema": "decision_gt_v1",
  "primary_target_id": 1,
  "targets": [
    {
      "target_id": 1,
      "picking_point": [
        195,
        144
      ],
      "approach_angle_deg": -77.0053832080835,
      "camera_pose": {
        "position_m": [
          -0.14173960891699056,
          -0.11484275076627042,
          0.6260000467300415
        ],
        "orientation_rpy_deg": [
          0.0,
          0.0,
          -77.0053832080835
        ],
        "rotation_matrix": [
          [
            0.22485950669875845,
            0.9743911956946198,
            0.0
          ],
          [
            -0.9743911956946198,
            0.22485950669875845,
            -0.0
          ],
          [
            -0.0,
            0.0,
            1.0
          ]
        ]
      }
    },
    {
      "target_id": 2,
      "picking_point": [
        217,
        194
      ],
      "approach_angle_deg": -81.57303097851933,
      "camera_pose": {
        "position_m": [
          -0.11475990109710932,
          -0.0608053186804591,
          0.6040000319480896
        ],
        "orientation_rpy_deg": [
          0.0,
          0.0,
          -81.57303097851933
        ],
        "rotation_matrix": [
          [
            0.14654866108946243,
            0.9892034623538708,
            0.0
          ],
          [
            -0.9892034623538708,
            0.14654866108946243,
            -0.0
          ],
          [
            -0.0,
            0.0,
            1.0
          ]
        ]
      }
    },
    {
      "target_id": 3,
      "picking_point": [
        366,
        47
      ],
      "approach_angle_deg": -79.38034472384487,
      "camera_pose": {
        "position_m": [
          0.02215852592423113,
          -0.13452569075979878,
          0.39100003242492676
        ],
        "orientation_rpy_deg": [
          0.0,
          0.0,
          -79.38034472384487
        ],
        "rotation_matrix": [
          [
            0.18428853505018536,
            0.9828721869343219,
            0.0
          ],
          [
            -0.9828721869343219,
            0.18428853505018536,
            -0.0
          ],
          [
            -0.0,
            0.0,
            1.0
          ]
        ]
      }
    },
    {
      "target_id": 4,
      "picking_point": [
        485,
        113
      ],
      "approach_angle_deg": -91.8476102659946,
      "camera_pose": {
        "position_m": [
          0.11719892009036227,
          -0.10846874196845524,
          0.4620000123977661
        ],
        "orientation_rpy_deg": [
          0.0,
          0.0,
          -91.8476102659946
        ],
        "rotation_matrix": [
          [
            -0.032241294010958266,
            0.9994801143396996,
            -0.0
          ],
          [
            -0.9994801143396996,
            -0.032241294010958266,
            0.0
          ],
          [
            -0.0,
            0.0,
            1.0
          ]
        ]
      }
    },
    {
      "target_id": 5,
      "picking_point": [
        460,
        296
      ],
      "approach_angle_deg": -99.86580694308438,
      "camera_pose": {
        "position_m": [
          0.11208886431827926,
          0.036013779185806116,
          0.527999997138977
        ],
        "orientation_rpy_deg": [
          0.0,
          0.0,
          -99.86580694308438
        ],
        "rotation_matrix": [
          [
            -0.1713411747512478,
            0.9852117548196745,
            -0.0
          ],
          [
            -0.9852117548196745,
            -0.1713411747512478,
            0.0
          ],
          [
            -0.0,
            0.0,
            1.0
          ]
        ]
      }
    },
    {
      "target_id": 6,
      "picking_point": [
        321,
        349
      ],
      "approach_angle_deg": -70.70995378081128,
      "camera_pose": {
        "position_m": [
          -0.009792156916631668,
          0.085668145515019,
          0.5493000209331512
        ],
        "orientation_rpy_deg": [
          0.0,
          0.0,
          -70.70995378081128
        ],
        "rotation_matrix": [
          [
            0.33035042472810605,
            0.9438583563660174,
            0.0
          ],
          [
            -0.9438583563660174,
            0.33035042472810605,
            -0.0
          ],
          [
            -0.0,
            0.0,
            1.0
          ]
        ]
      }
    },
    {
      "target_id": 7,
      "picking_point": [
        236,
        341
      ],
      "approach_angle_deg": -86.42366562500266,
      "camera_pose": {
        "position_m": [
          -0.09909068993935112,
          0.08919583898185618,
          0.625
        ],
        "orientation_rpy_deg": [
          0.0,
          0.0,
          -86.42366562500266
        ],
        "rotation_matrix": [
          [
            0.062378286155180526,
            0.9980525784828885,
            0.0
          ],
          [
            -0.9980525784828885,
            0.062378286155180526,
            -0.0
          ],
          [
            -0.0,
            0.0,
            1.0
          ]
        ]
      }
    },
    {
      "target_id": 8,
      "picking_point": [
        262,
        154
      ],
      "approach_angle_deg": -72.89727103094764,
      "camera_pose": {
        "position_m": [
          -0.07646219834229669,
          -0.11048655103967679,
          0.6620000600814819
        ],
        "orientation_rpy_deg": [
          0.0,
          0.0,
          -72.89727103094764
        ],
        "rotation_matrix": [
          [
            0.2940858488375229,
            0.9557790087219501,
            0.0
          ],
          [
            -0.9557790087219501,
            0.2940858488375229,
            -0.0
          ],
          [
            -0.0,
            0.0,
            1.0
          ]
        ]
      }
    },
    {
      "target_id": 9,
      "picking_point": [
        386,
        455
      ],
      "approach_angle_deg": -81.57303097851933,
      "camera_pose": {
        "position_m": [
          0.05297117714703775,
          0.19556166110099962,
          0.5900000333786011
        ],
        "orientation_rpy_deg": [
          0.0,
          0.0,
          -81.57303097851933
        ],
        "rotation_matrix": [
          [
            0.14654866108946243,
            0.9892034623538708,
            0.0
          ],
          [
            -0.9892034623538708,
            0.14654866108946243,
            -0.0
          ],
          [
            -0.0,
            0.0,
            1.0
          ]
        ]
      }
    }
  ],
  "rgb_file": "rgbd/val/pepper/pepper_frame_0007_rgb.png",
  "depth_file": "rgbd/val/pepper/pepper_frame_0007.npz"
}
