{
  "frame_name": "pepper_frame_0010",
  "crop": "pepper",
  "class_id": 2,
  "class_label": "pepper",
  "annotation_schema": "decision_gt_v1",
  "primary_target_id": 1,
  "targets": [
    {
      "target_id": 1,
      "picking_point": [
        303,
        346
      ],
      "approach_angle_deg": -67.38013505195957,
      "camera_pose": {
        "position_m": [
          -0.025065469972483198,
          0.07946694675871696,
          0.5263000190258026
        ],
        "orientation_rpy_deg": [
          0.0,
          0.0,
          -67.38013505195957
        ],
        "rotation_matrix": [
          [
            0.3846153846153847,
            0.923076923076923,
            0.0
          ],
          [
            -0.923076923076923,
            0.3846153846153847,
            -0.0
          ],
          [
            -0.0,
            0.0,
            1.0
          ]
        ]
      }
    },
    {
      "target_id": 2,
      "picking_point": [
        470,
        101
      ],
      "approach_angle_deg": -85.23635830927383,
      "camera_pose": {
        "position_m": [
          0.10232771185291586,
          -0.11386608603650096,
          0.44714927375316615
        ],
        "orientation_rpy_deg": [
          0.0,
          0.0,
          -85.23635830927383
        ],
        "rotation_matrix": [
          [
            0.08304547985374004,
            0.9965457582448796,
            0.0
          ],
          [
            -0.9965457582448796,
            0.08304547985374004,
            -0.0
          ],
          [
            -0.0,
            0.0,
            1.0
          ]
        ]
      }
    },
    {
      "target_id": 3,
      "picking_point": [
        171,
        129
      ],
      "approach_angle_deg": -59.03624346792648,
      "camera_pose": {
        "position_m": [
          -0.15915972511311713,
          -0.1245574315409557,
          0.5980000495910645
        ],
        "orientation_rpy_deg": [
          0.0,
          0.0,
          -59.03624346792648
        ],
        "rotation_matrix": [
          [
            0.5144957554275265,
            0.8574929257125442,
            0.0
          ],
          [
            -0.8574929257125442,
            0.5144957554275265,
            -0.0
          ],
          [
            -0.0,
            0.0,
            1.0
          ]
        ]
      }
    },
    {
      "target_id": 4,
      "picking_point": [
        195,
        182
      ],
      "approach_angle_deg": -79.69515353123397,
      "camera_pose": {
        "position_m": [
          -0.12973928403630688,
          -0.06906894374294203,
          0.5730000138282776
        ],
        "orientation_rpy_deg": [
          0.0,
          0.0,
          -79.69515353123397
        ],
        "rotation_matrix": [
          [
            0.17888543819998307,
            0.9838699100999074,
            0.0
          ],
          [
            -0.9838699100999074,
            0.17888543819998307,
            -0.0
          ],
          [
            -0.0,
            0.0,
            1.0
          ]
        ]
      }
    },
    {
      "target_id": 5,
      "picking_point": [
        238,
        146
      ],
      "approach_angle_deg": -68.68208772453845,
      "camera_pose": {
        "position_m": [
          -0.1060248813507379,
          -0.12303802064154967,
          0.6830000281333923
        ],
        "orientation_rpy_deg": [
          0.0,
          0.0,
          -68.68208772453845
        ],
        "rotation_matrix": [
          [
            0.3635424856527065,
            0.9315776194850602,
            0.0
          ],
          [
            -0.9315776194850602,
            0.3635424856527065,
            -0.0
          ],
          [
            -0.0,
            0.0,
            1.0
          ]
        ]
      }
    },
    {
      "target_id": 6,
      "picking_point": [
        212,
        339
      ],
      "approach_angle_deg": -94.86451443776053,
      "camera_pose": {
        "position_m": [
          -0.11995782152762496,
          0.08433820664841069,
          0.6050000190734863
        ],
        "orientation_rpy_deg": [
          0.0,
          0.0,
          -94.86451443776053
        ],
        "rotation_matrix": [
          [
            -0.08479983040050883,
            0.9963980072059784,
            -0.0
          ],
          [
            -0.9963980072059784,
            -0.08479983040050883,
            0.0
          ],
          [
            -0.0,
            0.0,
            1.0
          ]
        ]
      }
    },
    {
      "target_id": 7,
      "picking_point": [
        448,
        290
      ],
      "approach_angle_deg": -104.4702941000659,
      "camera_pose": {
        "position_m": [
          0.10082985864718366,
          0.030535504728806746,
          0.5240000486373901
        ],
        "orientation_rpy_deg": [
          0.0,
          0.0,
          -104.4702941000659
        ],
        "rotation_matrix": [
          [
            -0.24987801902176995,
            0.9682773237093575,
            -0.0
          ],
          [
            -0.9682773237093575,
            -0.24987801902176995,
            0.0
          ],
          [
            -0.0,
            0.0,
            1.0
          ]
        ]
      }
    },
    {
      "target_id": 8,
      "picking_point": [
        377,
        457
      ],
      "approach_angle_deg": -96.3401917459099,
      "camera_pose": {
        "position_m": [
          0.0409604828384872,
          0.18312017844638914,
          0.5470000505447388
        ],
        "orientation_rpy_deg": [
          0.0,
          0.0,
          -96.3401917459099
        ],
        "rotation_matrix": [
          [
            -0.11043152607484648,
            0.9938837346736189,
            -0.0
          ],
          [
            -0.9938837346736189,
            -0.11043152607484648,
            0.0
          ],
          [
            -0.0,
            0.0,
            1.0
          ]
        ]
      }
    }
  ],
  "rgb_file": "rgbd/val/pepper/pepper_frame_0010_rgb.png",
  "depth_file": "rgbd/val/pepper/pepper_frame_0010.npz"
}
