{
  "frame_name": "pepper_frame_0033",
  "crop": "pepper",
  "class_id": 2,
  "class_label": "pepper",
  "annotation_schema": "decision_gt_v1",
  "primary_target_id": 1,
  "targets": [
    {
      "target_id": 1,
      "picking_point": [
        405,
        248
      ],
      "approach_angle_deg": -120.32360686255,
      "camera_pose": {
        "position_m": [
          0.04795327606497254,
          -0.004455524143273514,
          0.3955353885889053
        ],
        "orientation_rpy_deg": [
          0.0,
          0.0,
          -120.32360686255
        ],
        "rotation_matrix": [
          [
            -0.5048833150379537,
            0.8631876031294045,
            -0.0
          ],
          [
            -0.8631876031294045,
            -0.5048833150379537,
            0.0
          ],
          [
            -0.0,
            0.0,
            1.0
          ]
        ]
      }
    },
    {
      "target_id": 2,
      "picking_point": [
        391,
        147
      ],
      "approach_angle_deg": -118.07248693585296,
      "camera_pose": {
        "position_m": [
          0.053442270869788325,
          -0.09727587102395382,
          0.5450000166893005
        ],
        "orientation_rpy_deg": [
          0.0,
          0.0,
          -118.07248693585296
        ],
        "rotation_matrix": [
          [
            -0.4705882352941177,
            0.8823529411764706,
            -0.0
          ],
          [
            -0.8823529411764706,
            -0.4705882352941177,
            0.0
          ],
          [
            -0.0,
            0.0,
            1.0
          ]
        ]
      }
    },
    {
      "target_id": 3,
      "picking_point": [
        433,
        292
      ],
      "approach_angle_deg": -115.3461759419467,
      "camera_pose": {
        "position_m": [
          0.04960684813640731,
          0.01822922265628457,
          0.29600000381469727
        ],
        "orientation_rpy_deg": [
          0.0,
          0.0,
          -115.3461759419467
        ],
        "rotation_matrix": [
          [
            -0.4280863447390448,
            0.9037378388935386,
            -0.0
          ],
          [
            -0.9037378388935386,
            -0.4280863447390448,
            0.0
          ],
          [
            -0.0,
            0.0,
            1.0
          ]
        ]
      }
    }
  ],
  "rgb_file": "rgbd/val/pepper/pepper_frame_0033_rgb.png",
  "depth_file": "rgbd/val/pepper/pepper_frame_0033.npz"
}
