{
  "frame_name": "pepper_frame_0053",
  "crop": "pepper",
  "class_id": 2,
  "class_label": "pepper",
  "annotation_schema": "decision_gt_v1",
  "primary_target_id": 1,
  "targets": [
    {
      "target_id": 1,
      "picking_point": [
        613,
        190
      ],
      "approach_angle_deg": -106.50436138175503,
      "camera_pose": {
        "position_m": [
          0.24563915341841588,
          -0.05660764780641447,
          0.5275949835777283
        ],
        "orientation_rpy_deg": [
          0.0,
          0.0,
          -106.50436138175503
        ],
        "rotation_matrix": [
          [
            -0.2840883296913741,
            0.9587981127083872,
            -0.0
          ],
          [
            -0.9587981127083872,
            -0.2840883296913741,
            0.0
          ],
          [
            -0.0,
            0.0,
            1.0
          ]
        ]
      }
    },
    {
      "target_id": 2,
      "picking_point": [
        480,
        277
      ],
      "approach_angle_deg": -86.42366562500266,
      "camera_pose": {
        "position_m": [
          0.1675810353948981,
          0.02509625426490793,
          0.682889997959137
        ],
        "orientation_rpy_deg": [
          0.0,
          0.0,
          -86.42366562500266
        ],
        "rotation_matrix": [
          [
            0.062378286155180526,
            0.9980525784828885,
            0.0
          ],
          [
            -0.9980525784828885,
            0.062378286155180526,
            -0.0
          ],
          [
            -0.0,
            0.0,
            1.0
          ]
        ]
      }
    },
    {
      "target_id": 3,
      "picking_point": [
        393,
        307
      ],
      "approach_angle_deg": -86.63353933657021,
      "camera_pose": {
        "position_m": [
          0.042393030044644515,
          0.03614099050694765,
          0.41819998621940613
        ],
        "orientation_rpy_deg": [
          0.0,
          0.0,
          -86.63353933657021
        ],
        "rotation_matrix": [
          [
            0.05872202195147027,
            0.9982743731749959,
            0.0
          ],
          [
            -0.9982743731749959,
            0.05872202195147027,
            -0.0
          ],
          [
            -0.0,
            0.0,
            1.0
          ]
        ]
      }
    },
    {
      "target_id": 4,
      "picking_point": [
        324,
        71
      ],
      "approach_angle_deg": -86.42366562500266,
      "camera_pose": {
        "position_m": [
          -0.006397950999333978,
          -0.15140032671613257,
          0.49750497937202454
        ],
        "orientation_rpy_deg": [
          0.0,
          0.0,
          -86.42366562500266
        ],
        "rotation_matrix": [
          [
            0.062378286155180526,
            0.9980525784828885,
            0.0
          ],
          [
            -0.9980525784828885,
            0.062378286155180526,
            -0.0
          ],
          [
            -0.0,
            0.0,
            1.0
          ]
        ]
      }
    },
    {
      "target_id": 5,
      "picking_point": [
        317,
        128
      ],
      "approach_angle_deg": -92.86240522611175,
      "camera_pose": {
        "position_m": [
          -0.013316692586025636,
          -0.114353199340628,
          0.5446799397468567
        ],
        "orientation_rpy_deg": [
          0.0,
          0.0,
          -92.86240522611175
        ],
        "rotation_matrix": [
          [
            -0.04993761694389213,
            0.9987523388778446,
            -0.0
          ],
          [
            -0.9987523388778446,
            -0.04993761694389213,
            0.0
          ],
          [
            -0.0,
            0.0,
            1.0
          ]
        ]
      }
    },
    {
      "target_id": 6,
      "picking_point": [
        536,
        379
      ],
      "approach_angle_deg": -101.88865803962798,
      "camera_pose": {
        "position_m": [
          0.22080338928408974,
          0.1342870727352655,
          0.6530550122261047
        ],
        "orientation_rpy_deg": [
          0.0,
          0.0,
          -101.88865803962798
        ],
        "rotation_matrix": [
          [
            -0.2060104810498421,
            0.9785497849867489,
            -0.0
          ],
          [
            -0.9785497849867489,
            -0.2060104810498421,
            0.0
          ],
          [
            -0.0,
            0.0,
            1.0
          ]
        ]
      }
    }
  ],
  "rgb_file": "rgbd/val/pepper/pepper_frame_0053_rgb.png",
  "depth_file": "rgbd/val/pepper/pepper_frame_0053.npz"
}
