{
  "frame_name": "pepper_frame_0054",
  "crop": "pepper",
  "class_id": 2,
  "class_label": "pepper",
  "annotation_schema": "decision_gt_v1",
  "primary_target_id": 1,
  "targets": [
    {
      "target_id": 1,
      "picking_point": [
        487,
        224
      ],
      "approach_angle_deg": -84.28940686250037,
      "camera_pose": {
        "position_m": [
          0.1333576734685904,
          -0.026465573848449758,
          0.5189250111579895
        ],
        "orientation_rpy_deg": [
          0.0,
          0.0,
          -84.28940686250037
        ],
        "rotation_matrix": [
          [
            0.0995037190209988,
            0.9950371902099892,
            0.0
          ],
          [
            -0.9950371902099892,
            0.0995037190209988,
            -0.0
          ],
          [
            -0.0,
            0.0,
            1.0
          ]
        ]
      }
    },
    {
      "target_id": 2,
      "picking_point": [
        400,
        248
      ],
      "approach_angle_deg": -78.3106308245608,
      "camera_pose": {
        "position_m": [
          0.05291386126744898,
          -0.005276704601590779,
          0.46843498945236206
        ],
        "orientation_rpy_deg": [
          0.0,
          0.0,
          -78.3106308245608
        ],
        "rotation_matrix": [
          [
            0.2026056040359523,
            0.9792604195071027,
            0.0
          ],
          [
            -0.9792604195071027,
            0.2026056040359523,
            -0.0
          ],
          [
            -0.0,
            0.0,
            1.0
          ]
        ]
      }
    },
    {
      "target_id": 3,
      "picking_point": [
        341,
        47
      ],
      "approach_angle_deg": -70.3461759419467,
      "camera_pose": {
        "position_m": [
          0.006048647268142489,
          -0.13616338344412754,
          0.3957599997520447
        ],
        "orientation_rpy_deg": [
          0.0,
          0.0,
          -70.3461759419467
        ],
        "rotation_matrix": [
          [
            0.3363363969981561,
            0.9417419115948376,
            0.0
          ],
          [
            -0.9417419115948376,
            0.3363363969981561,
            -0.0
          ],
          [
            -0.0,
            0.0,
            1.0
          ]
        ]
      }
    },
    {
      "target_id": 4,
      "picking_point": [
        335,
        90
      ],
      "approach_angle_deg": -99.46232220802563,
      "camera_pose": {
        "position_m": [
          0.0023549393238850667,
          -0.12009446625041233,
          0.44012996554374695
        ],
        "orientation_rpy_deg": [
          0.0,
          0.0,
          -99.46232220802563
        ],
        "rotation_matrix": [
          [
            -0.1643989873053573,
            0.9863939238321437,
            -0.0
          ],
          [
            -0.9863939238321437,
            -0.1643989873053573,
            0.0
          ],
          [
            -0.0,
            0.0,
            1.0
          ]
        ]
      }
    },
    {
      "target_id": 5,
      "picking_point": [
        614,
        143
      ],
      "approach_angle_deg": -111.80140948635182,
      "camera_pose": {
        "position_m": [
          0.4454860468831958,
          -0.17649271809791336,
          0.9534450173377991
        ],
        "orientation_rpy_deg": [
          0.0,
          0.0,
          -111.80140948635182
        ],
        "rotation_matrix": [
          [
            -0.37139067635410367,
            0.9284766908852593,
            -0.0
          ],
          [
            -0.9284766908852593,
            -0.37139067635410367,
            0.0
          ],
          [
            -0.0,
            0.0,
            1.0
          ]
        ]
      }
    },
    {
      "target_id": 6,
      "picking_point": [
        538,
        316
      ],
      "approach_angle_deg": -98.74616226255522,
      "camera_pose": {
        "position_m": [
          0.21565246485380202,
          0.0639981678766613,
          0.6316350102424622
        ],
        "orientation_rpy_deg": [
          0.0,
          0.0,
          -98.74616226255522
        ],
        "rotation_matrix": [
          [
            -0.15205718425394113,
            0.9883716976506172,
            -0.0
          ],
          [
            -0.9883716976506172,
            -0.15205718425394113,
            0.0
          ],
          [
            -0.0,
            0.0,
            1.0
          ]
        ]
      }
    }
  ],
  "rgb_file": "rgbd/val/pepper/pepper_frame_0054_rgb.png",
  "depth_file": "rgbd/val/pepper/pepper_frame_0054.npz"
}
