{
  "frame_name": "pepper_frame_0011",
  "crop": "pepper",
  "class_id": 2,
  "class_label": "pepper",
  "annotation_schema": "decision_gt_v1",
  "primary_target_id": 1,
  "targets": [
    {
      "target_id": 1,
      "picking_point": [
        340,
        36
      ],
      "approach_angle_deg": -82.23483398157467,
      "camera_pose": {
        "position_m": [
          0.004960633401229217,
          -0.131865517981573,
          0.36400002241134644
        ],
        "orientation_rpy_deg": [
          0.0,
          0.0,
          -82.23483398157467
        ],
        "rotation_matrix": [
          [
            0.1351132047333135,
            0.9908301680442989,
            0.0
          ],
          [
            -0.9908301680442989,
            0.1351132047333135,
            -0.0
          ],
          [
            -0.0,
            0.0,
            1.0
          ]
        ]
      }
    },
    {
      "target_id": 2,
      "picking_point": [
        464,
        118
      ],
      "approach_angle_deg": -90.0,
      "camera_pose": {
        "position_m": [
          0.10301978840875475,
          -0.10659205488187151,
          0.4706000298261642
        ],
        "orientation_rpy_deg": [
          0.0,
          0.0,
          -90.0
        ],
        "rotation_matrix": [
          [
            6.123233995736766e-17,
            1.0,
            0.0
          ],
          [
            -1.0,
            6.123233995736766e-17,
            -0.0
          ],
          [
            -0.0,
            0.0,
            1.0
          ]
        ]
      }
    },
    {
      "target_id": 3,
      "picking_point": [
        220,
        157
      ],
      "approach_angle_deg": -62.10272896905238,
      "camera_pose": {
        "position_m": [
          -0.11435057954873341,
          -0.10007340604556186,
          0.6180000305175781
        ],
        "orientation_rpy_deg": [
          0.0,
          0.0,
          -62.10272896905238
        ],
        "rotation_matrix": [
          [
            0.4678877204190326,
            0.8837879163470619,
            0.0
          ],
          [
            -0.8837879163470619,
            0.4678877204190326,
            -0.0
          ],
          [
            -0.0,
            0.0,
            1.0
          ]
        ]
      }
    },
    {
      "target_id": 4,
      "picking_point": [
        147,
        138
      ],
      "approach_angle_deg": -70.82099197418928,
      "camera_pose": {
        "position_m": [
          -0.17924899582115814,
          -0.11332591004476066,
          0.5860000252723694
        ],
        "orientation_rpy_deg": [
          0.0,
          0.0,
          -70.82099197418928
        ],
        "rotation_matrix": [
          [
            0.3285206249412726,
            0.9444967967061592,
            0.0
          ],
          [
            -0.9444967967061592,
            0.3285206249412726,
            -0.0
          ],
          [
            -0.0,
            0.0,
            1.0
          ]
        ]
      }
    },
    {
      "target_id": 5,
      "picking_point": [
        172,
        191
      ],
      "approach_angle_deg": -76.82744657667311,
      "camera_pose": {
        "position_m": [
          -0.14679631014318364,
          -0.058629135461673136,
          0.5550000071525574
        ],
        "orientation_rpy_deg": [
          0.0,
          0.0,
          -76.82744657667311
        ],
        "rotation_matrix": [
          [
            0.22788446737788653,
            0.973688178796424,
            0.0
          ],
          [
            -0.973688178796424,
            0.22788446737788653,
            -0.0
          ],
          [
            -0.0,
            0.0,
            1.0
          ]
        ]
      }
    },
    {
      "target_id": 6,
      "picking_point": [
        432,
        301
      ],
      "approach_angle_deg": -95.31454566994475,
      "camera_pose": {
        "position_m": [
          0.08711598031873719,
          0.040155308270974445,
          0.5250000357627869
        ],
        "orientation_rpy_deg": [
          0.0,
          0.0,
          -95.31454566994475
        ],
        "rotation_matrix": [
          [
            -0.09262336892949787,
            0.9957012159921018,
            -0.0
          ],
          [
            -0.9957012159921018,
            -0.09262336892949787,
            0.0
          ],
          [
            -0.0,
            0.0,
            1.0
          ]
        ]
      }
    },
    {
      "target_id": 7,
      "picking_point": [
        290,
        362
      ],
      "approach_angle_deg": -67.71441235316725,
      "camera_pose": {
        "position_m": [
          -0.03547265397921059,
          0.09104854586172689,
          0.5130000114440918
        ],
        "orientation_rpy_deg": [
          0.0,
          0.0,
          -67.71441235316725
        ],
        "rotation_matrix": [
          [
            0.37922341748388166,
            0.9253051386606721,
            0.0
          ],
          [
            -0.9253051386606721,
            0.37922341748388166,
            -0.0
          ],
          [
            -0.0,
            0.0,
            1.0
          ]
        ]
      }
    },
    {
      "target_id": 8,
      "picking_point": [
        197,
        361
      ],
      "approach_angle_deg": -90.0,
      "camera_pose": {
        "position_m": [
          -0.12739585320678076,
          0.10039714711777395,
          0.5710000395774841
        ],
        "orientation_rpy_deg": [
          0.0,
          0.0,
          -90.0
        ],
        "rotation_matrix": [
          [
            6.123233995736766e-17,
            1.0,
            0.0
          ],
          [
            -1.0,
            6.123233995736766e-17,
            -0.0
          ],
          [
            -0.0,
            0.0,
            1.0
          ]
        ]
      }
    }
  ],
  "rgb_file": "rgbd/val/pepper/pepper_frame_0011_rgb.png",
  "depth_file": "rgbd/val/pepper/pepper_frame_0011.npz"
}
