{
  "frame_name": "pepper_frame_0044",
  "crop": "pepper",
  "class_id": 2,
  "class_label": "pepper",
  "annotation_schema": "decision_gt_v1",
  "primary_target_id": 1,
  "targets": [
    {
      "target_id": 1,
      "picking_point": [
        555,
        179
      ],
      "approach_angle_deg": -135.0,
      "camera_pose": {
        "position_m": [
          0.1600208449976632,
          -0.05434418569975578,
          0.43300002813339233
        ],
        "orientation_rpy_deg": [
          0.0,
          0.0,
          -135.0
        ],
        "rotation_matrix": [
          [
            -0.7071067811865475,
            0.7071067811865476,
            -0.0
          ],
          [
            -0.7071067811865476,
            -0.7071067811865475,
            0.0
          ],
          [
            -0.0,
            0.0,
            1.0
          ]
        ]
      }
    },
    {
      "target_id": 2,
      "picking_point": [
        421,
        300
      ],
      "approach_angle_deg": -83.99099404250548,
      "camera_pose": {
        "position_m": [
          0.054658088127629526,
          0.027687329795851777,
          0.3700000047683716
        ],
        "orientation_rpy_deg": [
          0.0,
          0.0,
          -83.99099404250548
        ],
        "rotation_matrix": [
          [
            0.10468478451804264,
            0.994505452921406,
            0.0
          ],
          [
            -0.994505452921406,
            0.10468478451804264,
            -0.0
          ],
          [
            -0.0,
            0.0,
            1.0
          ]
        ]
      }
    },
    {
      "target_id": 3,
      "picking_point": [
        301,
        338
      ],
      "approach_angle_deg": -100.00797980144135,
      "camera_pose": {
        "position_m": [
          -0.016692004240649212,
          0.045139468849130275,
          0.327700012922287
        ],
        "orientation_rpy_deg": [
          0.0,
          0.0,
          -100.00797980144135
        ],
        "rotation_matrix": [
          [
            -0.17378533390904796,
            0.9847835588179368,
            -0.0
          ],
          [
            -0.9847835588179368,
            -0.17378533390904796,
            0.0
          ],
          [
            -0.0,
            0.0,
            1.0
          ]
        ]
      }
    },
    {
      "target_id": 4,
      "picking_point": [
        196,
        157
      ],
      "approach_angle_deg": -87.39743779750019,
      "camera_pose": {
        "position_m": [
          -0.08968146742329741,
          -0.06461049987914656,
          0.3990000188350677
        ],
        "orientation_rpy_deg": [
          0.0,
          0.0,
          -87.39743779750019
        ],
        "rotation_matrix": [
          [
            0.045407660918650006,
            0.9989685402102996,
            0.0
          ],
          [
            -0.9989685402102996,
            0.045407660918650006,
            -0.0
          ],
          [
            -0.0,
            0.0,
            1.0
          ]
        ]
      }
    },
    {
      "target_id": 5,
      "picking_point": [
        152,
        85
      ],
      "approach_angle_deg": -74.05460409907715,
      "camera_pose": {
        "position_m": [
          -0.11071021087990676,
          -0.10458399050309705,
          0.37200000882148737
        ],
        "orientation_rpy_deg": [
          0.0,
          0.0,
          -74.05460409907715
        ],
        "rotation_matrix": [
          [
            0.27472112789737796,
            0.9615239476408232,
            0.0
          ],
          [
            -0.9615239476408232,
            0.27472112789737796,
            -0.0
          ],
          [
            -0.0,
            0.0,
            1.0
          ]
        ]
      }
    },
    {
      "target_id": 6,
      "picking_point": [
        525,
        436
      ],
      "approach_angle_deg": -110.55604521958347,
      "camera_pose": {
        "position_m": [
          0.12955860976481173,
          0.12150105293826458,
          0.4050000309944153
        ],
        "orientation_rpy_deg": [
          0.0,
          0.0,
          -110.55604521958347
        ],
        "rotation_matrix": [
          [
            -0.3511234415883916,
            0.9363291775690445,
            -0.0
          ],
          [
            -0.9363291775690445,
            -0.3511234415883916,
            0.0
          ],
          [
            -0.0,
            0.0,
            1.0
          ]
        ]
      }
    }
  ],
  "rgb_file": "rgbd/val/pepper/pepper_frame_0044_rgb.png",
  "depth_file": "rgbd/val/pepper/pepper_frame_0044.npz"
}
