{
  "frame_name": "pepper_frame_0014",
  "crop": "pepper",
  "class_id": 2,
  "class_label": "pepper",
  "annotation_schema": "decision_gt_v1",
  "primary_target_id": 1,
  "targets": [
    {
      "target_id": 1,
      "picking_point": [
        115,
        156
      ],
      "approach_angle_deg": -71.56505117707799,
      "camera_pose": {
        "position_m": [
          -0.1901968815144616,
          -0.08670098039732564,
          0.5300000309944153
        ],
        "orientation_rpy_deg": [
          0.0,
          0.0,
          -71.56505117707799
        ],
        "rotation_matrix": [
          [
            0.31622776601683794,
            0.9486832980505138,
            0.0
          ],
          [
            -0.9486832980505138,
            0.31622776601683794,
            -0.0
          ],
          [
            -0.0,
            0.0,
            1.0
          ]
        ]
      }
    },
    {
      "target_id": 2,
      "picking_point": [
        187,
        176
      ],
      "approach_angle_deg": -75.96375653207353,
      "camera_pose": {
        "position_m": [
          -0.12798121399833184,
          -0.069672706100157,
          0.534000039100647
        ],
        "orientation_rpy_deg": [
          0.0,
          0.0,
          -75.96375653207353
        ],
        "rotation_matrix": [
          [
            0.24253562503633289,
            0.9701425001453319,
            0.0
          ],
          [
            -0.9701425001453319,
            0.24253562503633289,
            -0.0
          ],
          [
            -0.0,
            0.0,
            1.0
          ]
        ]
      }
    },
    {
      "target_id": 3,
      "picking_point": [
        140,
        210
      ],
      "approach_angle_deg": -70.4633450618716,
      "camera_pose": {
        "position_m": [
          -0.16476914082307864,
          -0.03849954522496391,
          0.5190000534057617
        ],
        "orientation_rpy_deg": [
          0.0,
          0.0,
          -70.4633450618716
        ],
        "rotation_matrix": [
          [
            0.33440984517076494,
            0.9424277454812464,
            0.0
          ],
          [
            -0.9424277454812464,
            0.33440984517076494,
            -0.0
          ],
          [
            -0.0,
            0.0,
            1.0
          ]
        ]
      }
    },
    {
      "target_id": 4,
      "picking_point": [
        328,
        54
      ],
      "approach_angle_deg": -70.01689347810003,
      "camera_pose": {
        "position_m": [
          -0.0022893561772166205,
          -0.12201492136803214,
          0.367000013589859
        ],
        "orientation_rpy_deg": [
          0.0,
          0.0,
          -70.01689347810003
        ],
        "rotation_matrix": [
          [
            0.3417430630867044,
            0.9397934234884371,
            0.0
          ],
          [
            -0.9397934234884371,
            0.3417430630867044,
            -0.0
          ],
          [
            -0.0,
            0.0,
            1.0
          ]
        ]
      }
    },
    {
      "target_id": 5,
      "picking_point": [
        440,
        141
      ],
      "approach_angle_deg": -80.8376529542783,
      "camera_pose": {
        "position_m": [
          0.07740545222233168,
          -0.08139825781048628,
          0.4320000112056732
        ],
        "orientation_rpy_deg": [
          0.0,
          0.0,
          -80.8376529542783
        ],
        "rotation_matrix": [
          [
            0.15923243882462046,
            0.9872411207126471,
            0.0
          ],
          [
            -0.9872411207126471,
            0.15923243882462046,
            -0.0
          ],
          [
            -0.0,
            0.0,
            1.0
          ]
        ]
      }
    },
    {
      "target_id": 6,
      "picking_point": [
        420,
        331
      ],
      "approach_angle_deg": -95.04245106917092,
      "camera_pose": {
        "position_m": [
          0.07303452445163701,
          0.06307829042140212,
          0.5
        ],
        "orientation_rpy_deg": [
          0.0,
          0.0,
          -95.04245106917092
        ],
        "rotation_matrix": [
          [
            -0.08789381029635722,
            0.996129850025381,
            -0.0
          ],
          [
            -0.996129850025381,
            -0.08789381029635722,
            0.0
          ],
          [
            -0.0,
            0.0,
            1.0
          ]
        ]
      }
    },
    {
      "target_id": 7,
      "picking_point": [
        271,
        390
      ],
      "approach_angle_deg": -70.5599651718238,
      "camera_pose": {
        "position_m": [
          -0.04969748580939915,
          0.11057769203556637,
          0.49400001764297485
        ],
        "orientation_rpy_deg": [
          0.0,
          0.0,
          -70.5599651718238
        ],
        "rotation_matrix": [
          [
            0.33282011773513753,
            0.9429903335828895,
            0.0
          ],
          [
            -0.9429903335828895,
            0.33282011773513753,
            -0.0
          ],
          [
            -0.0,
            0.0,
            1.0
          ]
        ]
      }
    },
    {
      "target_id": 8,
      "picking_point": [
        166,
        390
      ],
      "approach_angle_deg": -79.8753283446022,
      "camera_pose": {
        "position_m": [
          -0.15074491169660403,
          0.12295612627644599,
          0.5493000209331512
        ],
        "orientation_rpy_deg": [
          0.0,
          0.0,
          -79.8753283446022
        ],
        "rotation_matrix": [
          [
            0.17579063848365722,
            0.984427575508482,
            0.0
          ],
          [
            -0.984427575508482,
            0.17579063848365722,
            -0.0
          ],
          [
            -0.0,
            0.0,
            1.0
          ]
        ]
      }
    }
  ],
  "rgb_file": "rgbd/val/pepper/pepper_frame_0014_rgb.png",
  "depth_file": "rgbd/val/pepper/pepper_frame_0014.npz"
}
