{
  "frame_name": "pepper_frame_0041",
  "crop": "pepper",
  "class_id": 2,
  "class_label": "pepper",
  "annotation_schema": "decision_gt_v1",
  "primary_target_id": 1,
  "targets": [
    {
      "target_id": 1,
      "picking_point": [
        510,
        251
      ],
      "approach_angle_deg": -100.30484646876603,
      "camera_pose": {
        "position_m": [
          0.13366449383682694,
          -0.0028527727133368353,
          0.453000009059906
        ],
        "orientation_rpy_deg": [
          0.0,
          0.0,
          -100.30484646876603
        ],
        "rotation_matrix": [
          [
            -0.17888543819998318,
            0.9838699100999074,
            -0.0
          ],
          [
            -0.9838699100999074,
            -0.17888543819998318,
            0.0
          ],
          [
            -0.0,
            0.0,
            1.0
          ]
        ]
      }
    },
    {
      "target_id": 2,
      "picking_point": [
        418,
        129
      ],
      "approach_angle_deg": -94.96974072811031,
      "camera_pose": {
        "position_m": [
          0.12350212438066141,
          -0.18019482720362387,
          0.8651151061058044
        ],
        "orientation_rpy_deg": [
          0.0,
          0.0,
          -94.96974072811031
        ],
        "rotation_matrix": [
          [
            -0.08662961636484205,
            0.996240588195683,
            -0.0
          ],
          [
            -0.996240588195683,
            -0.08662961636484205,
            0.0
          ],
          [
            -0.0,
            0.0,
            1.0
          ]
        ]
      }
    },
    {
      "target_id": 3,
      "picking_point": [
        317,
        163
      ],
      "approach_angle_deg": -113.19859051364818,
      "camera_pose": {
        "position_m": [
          -0.008434787088556418,
          -0.052438973775150034,
          0.3450000286102295
        ],
        "orientation_rpy_deg": [
          0.0,
          0.0,
          -113.19859051364818
        ],
        "rotation_matrix": [
          [
            -0.3939192985791676,
            0.9191450300180579,
            -0.0
          ],
          [
            -0.9191450300180579,
            -0.3939192985791676,
            0.0
          ],
          [
            -0.0,
            0.0,
            1.0
          ]
        ]
      }
    }
  ],
  "rgb_file": "rgbd/val/pepper/pepper_frame_0041_rgb.png",
  "depth_file": "rgbd/val/pepper/pepper_frame_0041.npz"
}
