{
  "frame_name": "pepper_frame_0018",
  "crop": "pepper",
  "class_id": 2,
  "class_label": "pepper",
  "annotation_schema": "decision_gt_v1",
  "primary_target_id": 1,
  "targets": [
    {
      "target_id": 1,
      "picking_point": [
        416,
        365
      ],
      "approach_angle_deg": -105.94539590092286,
      "camera_pose": {
        "position_m": [
          0.07139686846797601,
          0.09341418429668198,
          0.5120000243186951
        ],
        "orientation_rpy_deg": [
          0.0,
          0.0,
          -105.94539590092286
        ],
        "rotation_matrix": [
          [
            -0.27472112789737807,
            0.9615239476408232,
            -0.0
          ],
          [
            -0.9615239476408232,
            -0.27472112789737807,
            0.0
          ],
          [
            -0.0,
            0.0,
            1.0
          ]
        ]
      }
    },
    {
      "target_id": 2,
      "picking_point": [
        274,
        425
      ],
      "approach_angle_deg": -65.77225468204583,
      "camera_pose": {
        "position_m": [
          -0.05193016705944357,
          0.1530120575484586,
          0.5430000424385071
        ],
        "orientation_rpy_deg": [
          0.0,
          0.0,
          -65.77225468204583
        ],
        "rotation_matrix": [
          [
            0.41036467732879794,
            0.9119215051751064,
            0.0
          ],
          [
            -0.9119215051751064,
            0.41036467732879794,
            -0.0
          ],
          [
            -0.0,
            0.0,
            1.0
          ]
        ]
      }
    },
    {
      "target_id": 3,
      "picking_point": [
        172,
        435
      ],
      "approach_angle_deg": -87.13759477388825,
      "camera_pose": {
        "position_m": [
          -0.13735374801389222,
          0.1549315603331771,
          0.5193000495433807
        ],
        "orientation_rpy_deg": [
          0.0,
          0.0,
          -87.13759477388825
        ],
        "rotation_matrix": [
          [
            0.04993761694389225,
            0.9987523388778446,
            0.0
          ],
          [
            -0.9987523388778446,
            0.04993761694389225,
            -0.0
          ],
          [
            -0.0,
            0.0,
            1.0
          ]
        ]
      }
    },
    {
      "target_id": 4,
      "picking_point": [
        140,
        259
      ],
      "approach_angle_deg": -85.91438322002513,
      "camera_pose": {
        "position_m": [
          -0.16984871982791813,
          0.003717125526622079,
          0.5350000262260437
        ],
        "orientation_rpy_deg": [
          0.0,
          0.0,
          -85.91438322002513
        ],
        "rotation_matrix": [
          [
            0.07124704998790964,
            0.997458699830735,
            0.0
          ],
          [
            -0.997458699830735,
            0.07124704998790964,
            -0.0
          ],
          [
            -0.0,
            0.0,
            1.0
          ]
        ]
      }
    },
    {
      "target_id": 5,
      "picking_point": [
        192,
        214
      ],
      "approach_angle_deg": -80.53767779197439,
      "camera_pose": {
        "position_m": [
          -0.1453114294011019,
          -0.04242612965248219,
          0.628000020980835
        ],
        "orientation_rpy_deg": [
          0.0,
          0.0,
          -80.53767779197439
        ],
        "rotation_matrix": [
          [
            0.1643989873053572,
            0.9863939238321437,
            0.0
          ],
          [
            -0.9863939238321437,
            0.1643989873053572,
            -0.0
          ],
          [
            -0.0,
            0.0,
            1.0
          ]
        ]
      }
    },
    {
      "target_id": 6,
      "picking_point": [
        112,
        206
      ],
      "approach_angle_deg": -69.77514056883192,
      "camera_pose": {
        "position_m": [
          -0.19101000423278425,
          -0.04242154547585308,
          0.5250000357627869
        ],
        "orientation_rpy_deg": [
          0.0,
          0.0,
          -69.77514056883192
        ],
        "rotation_matrix": [
          [
            0.3457053588273564,
            0.9383431168171101,
            0.0
          ],
          [
            -0.9383431168171101,
            0.3457053588273564,
            -0.0
          ],
          [
            -0.0,
            0.0,
            1.0
          ]
        ]
      }
    },
    {
      "target_id": 7,
      "picking_point": [
        320,
        111
      ],
      "approach_angle_deg": -97.1250163489018,
      "camera_pose": {
        "position_m": [
          -0.007689593482483251,
          -0.09397498406907329,
          0.394700014591217
        ],
        "orientation_rpy_deg": [
          0.0,
          0.0,
          -97.1250163489018
        ],
        "rotation_matrix": [
          [
            -0.12403473458920843,
            0.9922778767136676,
            -0.0
          ],
          [
            -0.9922778767136676,
            -0.12403473458920843,
            0.0
          ],
          [
            -0.0,
            0.0,
            1.0
          ]
        ]
      }
    },
    {
      "target_id": 8,
      "picking_point": [
        429,
        191
      ],
      "approach_angle_deg": -85.91438322002513,
      "camera_pose": {
        "position_m": [
          0.07179202134829087,
          -0.04711458495860491,
          0.4460000097751617
        ],
        "orientation_rpy_deg": [
          0.0,
          0.0,
          -85.91438322002513
        ],
        "rotation_matrix": [
          [
            0.07124704998790964,
            0.997458699830735,
            0.0
          ],
          [
            -0.997458699830735,
            0.07124704998790964,
            -0.0
          ],
          [
            -0.0,
            0.0,
            1.0
          ]
        ]
      }
    }
  ],
  "rgb_file": "rgbd/val/pepper/pepper_frame_0018_rgb.png",
  "depth_file": "rgbd/val/pepper/pepper_frame_0018.npz"
}
