{
  "frame_name": "pepper_frame_0006",
  "crop": "pepper",
  "class_id": 2,
  "class_label": "pepper",
  "annotation_schema": "decision_gt_v1",
  "primary_target_id": 1,
  "targets": [
    {
      "target_id": 1,
      "picking_point": [
        482,
        116
      ],
      "approach_angle_deg": -90.0,
      "camera_pose": {
        "position_m": [
          0.1162225479934463,
          -0.10739198792796849,
          0.46730001270771027
        ],
        "orientation_rpy_deg": [
          0.0,
          0.0,
          -90.0
        ],
        "rotation_matrix": [
          [
            6.123233995736766e-17,
            1.0,
            0.0
          ],
          [
            -1.0,
            6.123233995736766e-17,
            -0.0
          ],
          [
            -0.0,
            0.0,
            1.0
          ]
        ]
      }
    },
    {
      "target_id": 2,
      "picking_point": [
        371,
        51
      ],
      "approach_angle_deg": -79.38034472384487,
      "camera_pose": {
        "position_m": [
          0.025849694348952783,
          -0.13429824199432308,
          0.398000031709671
        ],
        "orientation_rpy_deg": [
          0.0,
          0.0,
          -79.38034472384487
        ],
        "rotation_matrix": [
          [
            0.18428853505018536,
            0.9828721869343219,
            0.0
          ],
          [
            -0.9828721869343219,
            0.18428853505018536,
            -0.0
          ],
          [
            -0.0,
            0.0,
            1.0
          ]
        ]
      }
    },
    {
      "target_id": 3,
      "picking_point": [
        264,
        166
      ],
      "approach_angle_deg": -73.73979529168804,
      "camera_pose": {
        "position_m": [
          -0.11857538377960436,
          -0.15539723851342943,
          1.0569084882736206
        ],
        "orientation_rpy_deg": [
          0.0,
          0.0,
          -73.73979529168804
        ],
        "rotation_matrix": [
          [
            0.28,
            0.96,
            0.0
          ],
          [
            -0.96,
            0.28,
            -0.0
          ],
          [
            -0.0,
            0.0,
            1.0
          ]
        ]
      }
    },
    {
      "target_id": 4,
      "picking_point": [
        209,
        149
      ],
      "approach_angle_deg": -67.01128319791937,
      "camera_pose": {
        "position_m": [
          -0.12987287657821617,
          -0.11193778025244874,
          0.6390000581741333
        ],
        "orientation_rpy_deg": [
          0.0,
          0.0,
          -67.01128319791937
        ],
        "rotation_matrix": [
          [
            0.39054984685616945,
            0.9205817818752566,
            0.0
          ],
          [
            -0.9205817818752566,
            0.39054984685616945,
            -0.0
          ],
          [
            -0.0,
            0.0,
            1.0
          ]
        ]
      }
    },
    {
      "target_id": 5,
      "picking_point": [
        225,
        195
      ],
      "approach_angle_deg": -72.5528115767178,
      "camera_pose": {
        "position_m": [
          -0.10782099941654513,
          -0.060399380739977915,
          0.6100000143051147
        ],
        "orientation_rpy_deg": [
          0.0,
          0.0,
          -72.5528115767178
        ],
        "rotation_matrix": [
          [
            0.2998265967403945,
            0.9539937169012556,
            0.0
          ],
          [
            -0.9539937169012556,
            0.2998265967403945,
            -0.0
          ],
          [
            -0.0,
            0.0,
            1.0
          ]
        ]
      }
    },
    {
      "target_id": 6,
      "picking_point": [
        241,
        348
      ],
      "approach_angle_deg": -83.6598082540901,
      "camera_pose": {
        "position_m": [
          -0.09331615343367416,
          0.09582221779502942,
          0.6210000514984131
        ],
        "orientation_rpy_deg": [
          0.0,
          0.0,
          -83.6598082540901
        ],
        "rotation_matrix": [
          [
            0.1104315260748466,
            0.9938837346736189,
            0.0
          ],
          [
            -0.9938837346736189,
            0.1104315260748466,
            -0.0
          ],
          [
            -0.0,
            0.0,
            1.0
          ]
        ]
      }
    },
    {
      "target_id": 7,
      "picking_point": [
        329,
        346
      ],
      "approach_angle_deg": -70.3461759419467,
      "camera_pose": {
        "position_m": [
          -0.002646861273028413,
          0.08721282412830308,
          0.5776000320911407
        ],
        "orientation_rpy_deg": [
          0.0,
          0.0,
          -70.3461759419467
        ],
        "rotation_matrix": [
          [
            0.3363363969981561,
            0.9417419115948376,
            0.0
          ],
          [
            -0.9417419115948376,
            0.3363363969981561,
            -0.0
          ],
          [
            -0.0,
            0.0,
            1.0
          ]
        ]
      }
    },
    {
      "target_id": 8,
      "picking_point": [
        466,
        299
      ],
      "approach_angle_deg": -101.30993247402021,
      "camera_pose": {
        "position_m": [
          0.1057779538990722,
          0.03483127412400115,
          0.47600001096725464
        ],
        "orientation_rpy_deg": [
          0.0,
          0.0,
          -101.30993247402021
        ],
        "rotation_matrix": [
          [
            -0.1961161351381841,
            0.9805806756909201,
            -0.0
          ],
          [
            -0.9805806756909201,
            -0.1961161351381841,
            0.0
          ],
          [
            -0.0,
            0.0,
            1.0
          ]
        ]
      }
    },
    {
      "target_id": 9,
      "picking_point": [
        400,
        456
      ],
      "approach_angle_deg": -91.78991060824607,
      "camera_pose": {
        "position_m": [
          0.0641606089653301,
          0.18920995096353213,
          0.5680000185966492
        ],
        "orientation_rpy_deg": [
          0.0,
          0.0,
          -91.78991060824607
        ],
        "rotation_matrix": [
          [
            -0.031234752377721248,
            0.9995120760870788,
            -0.0
          ],
          [
            -0.9995120760870788,
            -0.031234752377721248,
            0.0
          ],
          [
            -0.0,
            0.0,
            1.0
          ]
        ]
      }
    }
  ],
  "rgb_file": "rgbd/val/pepper/pepper_frame_0006_rgb.png",
  "depth_file": "rgbd/val/pepper/pepper_frame_0006.npz"
}
