{
  "frame_name": "pepper_frame_0002",
  "crop": "pepper",
  "class_id": 2,
  "class_label": "pepper",
  "annotation_schema": "decision_gt_v1",
  "primary_target_id": 1,
  "targets": [
    {
      "target_id": 1,
      "picking_point": [
        221,
        156
      ],
      "approach_angle_deg": -86.63353933657021,
      "camera_pose": {
        "position_m": [
          -0.12121271463405127,
          -0.10813084122408118,
          0.6610000133514404
        ],
        "orientation_rpy_deg": [
          0.0,
          0.0,
          -86.63353933657021
        ],
        "rotation_matrix": [
          [
            0.05872202195147027,
            0.9982743731749959,
            0.0
          ],
          [
            -0.9982743731749959,
            0.05872202195147027,
            -0.0
          ],
          [
            -0.0,
            0.0,
            1.0
          ]
        ]
      }
    },
    {
      "target_id": 2,
      "picking_point": [
        244,
        203
      ],
      "approach_angle_deg": -80.53767779197439,
      "camera_pose": {
        "position_m": [
          -0.09168494359807085,
          -0.054120852597929835,
          0.6310000419616699
        ],
        "orientation_rpy_deg": [
          0.0,
          0.0,
          -80.53767779197439
        ],
        "rotation_matrix": [
          [
            0.1643989873053572,
            0.9863939238321437,
            0.0
          ],
          [
            -0.9863939238321437,
            0.1643989873053572,
            -0.0
          ],
          [
            -0.0,
            0.0,
            1.0
          ]
        ]
      }
    },
    {
      "target_id": 3,
      "picking_point": [
        388,
        58
      ],
      "approach_angle_deg": -94.76364169072617,
      "camera_pose": {
        "position_m": [
          0.03816799898735026,
          -0.13359564218478132,
          0.4100000262260437
        ],
        "orientation_rpy_deg": [
          0.0,
          0.0,
          -94.76364169072617
        ],
        "rotation_matrix": [
          [
            -0.08304547985373993,
            0.9965457582448797,
            -0.0
          ],
          [
            -0.9965457582448797,
            -0.08304547985373993,
            0.0
          ],
          [
            -0.0,
            0.0,
            1.0
          ]
        ]
      }
    },
    {
      "target_id": 4,
      "picking_point": [
        499,
        113
      ],
      "approach_angle_deg": -84.8055710922652,
      "camera_pose": {
        "position_m": [
          0.14534860833421198,
          -0.12325993914380001,
          0.5250000357627869
        ],
        "orientation_rpy_deg": [
          0.0,
          0.0,
          -84.8055710922652
        ],
        "rotation_matrix": [
          [
            0.09053574604251861,
            0.9958932064677039,
            0.0
          ],
          [
            -0.9958932064677039,
            0.09053574604251861,
            -0.0
          ],
          [
            -0.0,
            0.0,
            1.0
          ]
        ]
      }
    },
    {
      "target_id": 5,
      "picking_point": [
        484,
        294
      ],
      "approach_angle_deg": -90.0,
      "camera_pose": {
        "position_m": [
          0.12172653087545617,
          0.03134504068540912,
          0.4830000102519989
        ],
        "orientation_rpy_deg": [
          0.0,
          0.0,
          -90.0
        ],
        "rotation_matrix": [
          [
            6.123233995736766e-17,
            1.0,
            0.0
          ],
          [
            -1.0,
            6.123233995736766e-17,
            -0.0
          ],
          [
            -0.0,
            0.0,
            1.0
          ]
        ]
      }
    },
    {
      "target_id": 6,
      "picking_point": [
        422,
        454
      ],
      "approach_angle_deg": -100.30484646876603,
      "camera_pose": {
        "position_m": [
          0.0861923049956068,
          0.19029734662194775,
          0.5770000219345093
        ],
        "orientation_rpy_deg": [
          0.0,
          0.0,
          -100.30484646876603
        ],
        "rotation_matrix": [
          [
            -0.17888543819998318,
            0.9838699100999074,
            -0.0
          ],
          [
            -0.9838699100999074,
            -0.17888543819998318,
            0.0
          ],
          [
            -0.0,
            0.0,
            1.0
          ]
        ]
      }
    },
    {
      "target_id": 7,
      "picking_point": [
        354,
        343
      ],
      "approach_angle_deg": -69.67686317033707,
      "camera_pose": {
        "position_m": [
          0.022598440719292685,
          0.08965916580404427,
          0.6140000224113464
        ],
        "orientation_rpy_deg": [
          0.0,
          0.0,
          -69.67686317033707
        ],
        "rotation_matrix": [
          [
            0.34731435582359366,
            0.9377487607237037,
            0.0
          ],
          [
            -0.9377487607237037,
            0.34731435582359366,
            -0.0
          ],
          [
            -0.0,
            0.0,
            1.0
          ]
        ]
      }
    },
    {
      "target_id": 8,
      "picking_point": [
        266,
        346
      ],
      "approach_angle_deg": -82.14668669802178,
      "camera_pose": {
        "position_m": [
          -0.06824583178751985,
          0.09464161576177207,
          0.6268000245094298
        ],
        "orientation_rpy_deg": [
          0.0,
          0.0,
          -82.14668669802178
        ],
        "rotation_matrix": [
          [
            0.13663739713703096,
            0.9906211292434748,
            0.0
          ],
          [
            -0.9906211292434748,
            0.13663739713703096,
            -0.0
          ],
          [
            -0.0,
            0.0,
            1.0
          ]
        ]
      }
    },
    {
      "target_id": 9,
      "picking_point": [
        293,
        151
      ],
      "approach_angle_deg": -75.96375653207353,
      "camera_pose": {
        "position_m": [
          -0.02977995582431096,
          -0.0797454215995112,
          0.46400001645088196
        ],
        "orientation_rpy_deg": [
          0.0,
          0.0,
          -75.96375653207353
        ],
        "rotation_matrix": [
          [
            0.24253562503633289,
            0.9701425001453319,
            0.0
          ],
          [
            -0.9701425001453319,
            0.24253562503633289,
            -0.0
          ],
          [
            -0.0,
            0.0,
            1.0
          ]
        ]
      }
    }
  ],
  "rgb_file": "rgbd/val/pepper/pepper_frame_0002_rgb.png",
  "depth_file": "rgbd/val/pepper/pepper_frame_0002.npz"
}
