{
  "frame_name": "pepper_frame_0005",
  "crop": "pepper",
  "class_id": 2,
  "class_label": "pepper",
  "annotation_schema": "decision_gt_v1",
  "primary_target_id": 1,
  "targets": [
    {
      "target_id": 1,
      "picking_point": [
        209,
        148
      ],
      "approach_angle_deg": -72.18111108547723,
      "camera_pose": {
        "position_m": [
          -0.12865340453093865,
          -0.11193475705950777,
          0.6330000162124634
        ],
        "orientation_rpy_deg": [
          0.0,
          0.0,
          -72.18111108547723
        ],
        "rotation_matrix": [
          [
            0.3060091804131205,
            0.9520285612852644,
            0.0
          ],
          [
            -0.9520285612852644,
            0.3060091804131205,
            -0.0
          ],
          [
            -0.0,
            0.0,
            1.0
          ]
        ]
      }
    },
    {
      "target_id": 2,
      "picking_point": [
        234,
        195
      ],
      "approach_angle_deg": -75.17352002964434,
      "camera_pose": {
        "position_m": [
          -0.10051266339051507,
          -0.06148855355802906,
          0.6210000514984131
        ],
        "orientation_rpy_deg": [
          0.0,
          0.0,
          -75.17352002964434
        ],
        "rotation_matrix": [
          [
            0.2558925603162825,
            0.9667052278615119,
            0.0
          ],
          [
            -0.9667052278615119,
            0.2558925603162825,
            -0.0
          ],
          [
            -0.0,
            0.0,
            1.0
          ]
        ]
      }
    },
    {
      "target_id": 3,
      "picking_point": [
        269,
        163
      ],
      "approach_angle_deg": -69.04422326936782,
      "camera_pose": {
        "position_m": [
          -0.06546533291337495,
          -0.09575812641808823,
          0.6300000548362732
        ],
        "orientation_rpy_deg": [
          0.0,
          0.0,
          -69.04422326936782
        ],
        "rotation_matrix": [
          [
            0.3576472666070417,
            0.9338567516961643,
            0.0
          ],
          [
            -0.9338567516961643,
            0.3576472666070417,
            -0.0
          ],
          [
            -0.0,
            0.0,
            1.0
          ]
        ]
      }
    },
    {
      "target_id": 4,
      "picking_point": [
        379,
        48
      ],
      "approach_angle_deg": -78.69006752597979,
      "camera_pose": {
        "position_m": [
          0.03190277396813817,
          -0.13969911391695308,
          0.40800002217292786
        ],
        "orientation_rpy_deg": [
          0.0,
          0.0,
          -78.69006752597979
        ],
        "rotation_matrix": [
          [
            0.196116135138184,
            0.9805806756909202,
            0.0
          ],
          [
            -0.9805806756909202,
            0.196116135138184,
            -0.0
          ],
          [
            -0.0,
            0.0,
            1.0
          ]
        ]
      }
    },
    {
      "target_id": 5,
      "picking_point": [
        493,
        110
      ],
      "approach_angle_deg": -92.38594403038883,
      "camera_pose": {
        "position_m": [
          0.1257466799944837,
          -0.11294521795269495,
          0.47110002636909487
        ],
        "orientation_rpy_deg": [
          0.0,
          0.0,
          -92.38594403038883
        ],
        "rotation_matrix": [
          [
            -0.04163054471218166,
            0.9991330730923519,
            -0.0
          ],
          [
            -0.9991330730923519,
            -0.04163054471218166,
            0.0
          ],
          [
            -0.0,
            0.0,
            1.0
          ]
        ]
      }
    },
    {
      "target_id": 6,
      "picking_point": [
        474,
        295
      ],
      "approach_angle_deg": -98.74616226255522,
      "camera_pose": {
        "position_m": [
          0.12456188442269225,
          0.03520613753118621,
          0.5290000438690186
        ],
        "orientation_rpy_deg": [
          0.0,
          0.0,
          -98.74616226255522
        ],
        "rotation_matrix": [
          [
            -0.15205718425394113,
            0.9883716976506172,
            -0.0
          ],
          [
            -0.9883716976506172,
            -0.15205718425394113,
            0.0
          ],
          [
            -0.0,
            0.0,
            1.0
          ]
        ]
      }
    },
    {
      "target_id": 7,
      "picking_point": [
        337,
        345
      ],
      "approach_angle_deg": -68.19859051364818,
      "camera_pose": {
        "position_m": [
          0.00491111488545216,
          0.08467354333872032,
          0.5670000314712524
        ],
        "orientation_rpy_deg": [
          0.0,
          0.0,
          -68.19859051364818
        ],
        "rotation_matrix": [
          [
            0.3713906763541038,
            0.9284766908852593,
            0.0
          ],
          [
            -0.9284766908852593,
            0.3713906763541038,
            -0.0
          ],
          [
            -0.0,
            0.0,
            1.0
          ]
        ]
      }
    },
    {
      "target_id": 8,
      "picking_point": [
        254,
        344
      ],
      "approach_angle_deg": -90.0,
      "camera_pose": {
        "position_m": [
          -0.07149259727654861,
          0.08200691304820197,
          0.5553000211715698
        ],
        "orientation_rpy_deg": [
          0.0,
          0.0,
          -90.0
        ],
        "rotation_matrix": [
          [
            6.123233995736766e-17,
            1.0,
            0.0
          ],
          [
            -1.0,
            6.123233995736766e-17,
            -0.0
          ],
          [
            -0.0,
            0.0,
            1.0
          ]
        ]
      }
    },
    {
      "target_id": 9,
      "picking_point": [
        404,
        449
      ],
      "approach_angle_deg": -85.23635830927383,
      "camera_pose": {
        "position_m": [
          0.07186809919481556,
          0.193237350018232,
          0.6010000109672546
        ],
        "orientation_rpy_deg": [
          0.0,
          0.0,
          -85.23635830927383
        ],
        "rotation_matrix": [
          [
            0.08304547985374004,
            0.9965457582448796,
            0.0
          ],
          [
            -0.9965457582448796,
            0.08304547985374004,
            -0.0
          ],
          [
            -0.0,
            0.0,
            1.0
          ]
        ]
      }
    }
  ],
  "rgb_file": "rgbd/val/pepper/pepper_frame_0005_rgb.png",
  "depth_file": "rgbd/val/pepper/pepper_frame_0005.npz"
}
