{
  "frame_name": "pepper_frame_0013",
  "crop": "pepper",
  "class_id": 2,
  "class_label": "pepper",
  "annotation_schema": "decision_gt_v1",
  "primary_target_id": 1,
  "targets": [
    {
      "target_id": 1,
      "picking_point": [
        198,
        172
      ],
      "approach_angle_deg": -65.77225468204583,
      "camera_pose": {
        "position_m": [
          -0.13375855437161654,
          -0.08280594456279079,
          0.6040000319480896
        ],
        "orientation_rpy_deg": [
          0.0,
          0.0,
          -65.77225468204583
        ],
        "rotation_matrix": [
          [
            0.41036467732879794,
            0.9119215051751064,
            0.0
          ],
          [
            -0.9119215051751064,
            0.41036467732879794,
            -0.0
          ],
          [
            -0.0,
            0.0,
            1.0
          ]
        ]
      }
    },
    {
      "target_id": 2,
      "picking_point": [
        326,
        53
      ],
      "approach_angle_deg": -79.38034472384487,
      "camera_pose": {
        "position_m": [
          -0.0034949528820781674,
          -0.12228843745065636,
          0.3660000264644623
        ],
        "orientation_rpy_deg": [
          0.0,
          0.0,
          -79.38034472384487
        ],
        "rotation_matrix": [
          [
            0.18428853505018536,
            0.9828721869343219,
            0.0
          ],
          [
            -0.9828721869343219,
            0.18428853505018536,
            -0.0
          ],
          [
            -0.0,
            0.0,
            1.0
          ]
        ]
      }
    },
    {
      "target_id": 3,
      "picking_point": [
        445,
        131
      ],
      "approach_angle_deg": -87.27368900609373,
      "camera_pose": {
        "position_m": [
          0.08128129193455914,
          -0.08887874853479798,
          0.43360002934932707
        ],
        "orientation_rpy_deg": [
          0.0,
          0.0,
          -87.27368900609373
        ],
        "rotation_matrix": [
          [
            0.04756514941544941,
            0.9988681377244376,
            0.0
          ],
          [
            -0.9988681377244376,
            0.04756514941544941,
            -0.0
          ],
          [
            -0.0,
            0.0,
            1.0
          ]
        ]
      }
    },
    {
      "target_id": 4,
      "picking_point": [
        121,
        149
      ],
      "approach_angle_deg": -84.8055710922652,
      "camera_pose": {
        "position_m": [
          -0.19051520770720343,
          -0.09564635818576177,
          0.5460000038146973
        ],
        "orientation_rpy_deg": [
          0.0,
          0.0,
          -84.8055710922652
        ],
        "rotation_matrix": [
          [
            0.09053574604251861,
            0.9958932064677039,
            0.0
          ],
          [
            -0.9958932064677039,
            0.09053574604251861,
            -0.0
          ],
          [
            -0.0,
            0.0,
            1.0
          ]
        ]
      }
    },
    {
      "target_id": 5,
      "picking_point": [
        152,
        201
      ],
      "approach_angle_deg": -85.10090754621224,
      "camera_pose": {
        "position_m": [
          -0.15862512568245074,
          -0.04748034766946894,
          0.5330000519752502
        ],
        "orientation_rpy_deg": [
          0.0,
          0.0,
          -85.10090754621224
        ],
        "rotation_matrix": [
          [
            0.0854011413464358,
            0.996346649041751,
            0.0
          ],
          [
            -0.996346649041751,
            0.0854011413464358,
            -0.0
          ],
          [
            -0.0,
            0.0,
            1.0
          ]
        ]
      }
    },
    {
      "target_id": 6,
      "picking_point": [
        170,
        381
      ],
      "approach_angle_deg": -87.13759477388825,
      "camera_pose": {
        "position_m": [
          -0.1502407926482424,
          0.11721556820126354,
          0.5610000491142273
        ],
        "orientation_rpy_deg": [
          0.0,
          0.0,
          -87.13759477388825
        ],
        "rotation_matrix": [
          [
            0.04993761694389225,
            0.9987523388778446,
            0.0
          ],
          [
            -0.9987523388778446,
            0.04993761694389225,
            -0.0
          ],
          [
            -0.0,
            0.0,
            1.0
          ]
        ]
      }
    },
    {
      "target_id": 7,
      "picking_point": [
        273,
        381
      ],
      "approach_angle_deg": -78.3106308245608,
      "camera_pose": {
        "position_m": [
          -0.04845100566402097,
          0.10405231884489818,
          0.49800002574920654
        ],
        "orientation_rpy_deg": [
          0.0,
          0.0,
          -78.3106308245608
        ],
        "rotation_matrix": [
          [
            0.2026056040359523,
            0.9792604195071027,
            0.0
          ],
          [
            -0.9792604195071027,
            0.2026056040359523,
            -0.0
          ],
          [
            -0.0,
            0.0,
            1.0
          ]
        ]
      }
    },
    {
      "target_id": 8,
      "picking_point": [
        424,
        322
      ],
      "approach_angle_deg": -100.78429786756261,
      "camera_pose": {
        "position_m": [
          0.07710900260213396,
          0.05618402468055731,
          0.5049999952316284
        ],
        "orientation_rpy_deg": [
          0.0,
          0.0,
          -100.78429786756261
        ],
        "rotation_matrix": [
          [
            -0.18711210788999547,
            0.9823385664224746,
            -0.0
          ],
          [
            -0.9823385664224746,
            -0.18711210788999547,
            0.0
          ],
          [
            -0.0,
            0.0,
            1.0
          ]
        ]
      }
    }
  ],
  "rgb_file": "rgbd/val/pepper/pepper_frame_0013_rgb.png",
  "depth_file": "rgbd/val/pepper/pepper_frame_0013.npz"
}
