{
  "frame_name": "pepper_frame_0027",
  "crop": "pepper",
  "class_id": 2,
  "class_label": "pepper",
  "annotation_schema": "decision_gt_v1",
  "primary_target_id": 1,
  "targets": [
    {
      "target_id": 1,
      "picking_point": [
        372,
        157
      ],
      "approach_angle_deg": -122.82854179141253,
      "camera_pose": {
        "position_m": [
          0.04029571608787639,
          -0.09796830028569321,
          0.6050000190734863
        ],
        "orientation_rpy_deg": [
          0.0,
          0.0,
          -122.82854179141253
        ],
        "rotation_matrix": [
          [
            -0.5421268698220931,
            0.8402966482242442,
            -0.0
          ],
          [
            -0.8402966482242442,
            -0.5421268698220931,
            0.0
          ],
          [
            -0.0,
            0.0,
            1.0
          ]
        ]
      }
    },
    {
      "target_id": 2,
      "picking_point": [
        352,
        232
      ],
      "approach_angle_deg": -105.42216131873867,
      "camera_pose": {
        "position_m": [
          0.0155078402605841,
          -0.017480731993628703,
          0.46300002932548523
        ],
        "orientation_rpy_deg": [
          0.0,
          0.0,
          -105.42216131873867
        ],
        "rotation_matrix": [
          [
            -0.26592899812581355,
            0.9639926182060737,
            -0.0
          ],
          [
            -0.9639926182060737,
            -0.26592899812581355,
            0.0
          ],
          [
            -0.0,
            0.0,
            1.0
          ]
        ]
      }
    },
    {
      "target_id": 3,
      "picking_point": [
        339,
        270
      ],
      "approach_angle_deg": -119.05460409907714,
      "camera_pose": {
        "position_m": [
          0.0053397802524700055,
          0.011221509888309588,
          0.44600000977516174
        ],
        "orientation_rpy_deg": [
          0.0,
          0.0,
          -119.05460409907714
        ],
        "rotation_matrix": [
          [
            -0.48564293117863194,
            0.8741572761215378,
            -0.0
          ],
          [
            -0.8741572761215378,
            -0.48564293117863194,
            0.0
          ],
          [
            -0.0,
            0.0,
            1.0
          ]
        ]
      }
    },
    {
      "target_id": 4,
      "picking_point": [
        388,
        326
      ],
      "approach_angle_deg": -105.94539590092286,
      "camera_pose": {
        "position_m": [
          0.052597360871786854,
          0.06660118276343407,
          0.5649999976158142
        ],
        "orientation_rpy_deg": [
          0.0,
          0.0,
          -105.94539590092286
        ],
        "rotation_matrix": [
          [
            -0.27472112789737807,
            0.9615239476408232,
            -0.0
          ],
          [
            -0.9615239476408232,
            -0.27472112789737807,
            0.0
          ],
          [
            -0.0,
            0.0,
            1.0
          ]
        ]
      }
    }
  ],
  "rgb_file": "rgbd/val/pepper/pepper_frame_0027_rgb.png",
  "depth_file": "rgbd/val/pepper/pepper_frame_0027.npz"
}
