{
  "frame_name": "pepper_frame_0031",
  "crop": "pepper",
  "class_id": 2,
  "class_label": "pepper",
  "annotation_schema": "decision_gt_v1",
  "primary_target_id": 1,
  "targets": [
    {
      "target_id": 1,
      "picking_point": [
        414,
        192
      ],
      "approach_angle_deg": -108.43494882292202,
      "camera_pose": {
        "position_m": [
          0.07640534043181861,
          -0.05835937775369567,
          0.5612428188323975
        ],
        "orientation_rpy_deg": [
          0.0,
          0.0,
          -108.43494882292202
        ],
        "rotation_matrix": [
          [
            -0.31622776601683805,
            0.9486832980505138,
            -0.0
          ],
          [
            -0.9486832980505138,
            -0.31622776601683805,
            0.0
          ],
          [
            -0.0,
            0.0,
            1.0
          ]
        ]
      }
    },
    {
      "target_id": 2,
      "picking_point": [
        418,
        221
      ],
      "approach_angle_deg": -112.2034785320574,
      "camera_pose": {
        "position_m": [
          0.04354119879956287,
          -0.017070178170253317,
          0.3050000071525574
        ],
        "orientation_rpy_deg": [
          0.0,
          0.0,
          -112.2034785320574
        ],
        "rotation_matrix": [
          [
            -0.37789699742661176,
            0.9258476436951986,
            -0.0
          ],
          [
            -0.9258476436951986,
            -0.37789699742661176,
            0.0
          ],
          [
            -0.0,
            0.0,
            1.0
          ]
        ]
      }
    },
    {
      "target_id": 3,
      "picking_point": [
        414,
        114
      ],
      "approach_angle_deg": -118.30075576600638,
      "camera_pose": {
        "position_m": [
          0.07555546915392462,
          -0.12938445676414756,
          0.5550000071525574
        ],
        "orientation_rpy_deg": [
          0.0,
          0.0,
          -118.30075576600638
        ],
        "rotation_matrix": [
          [
            -0.47409982303501724,
            0.8804710999221753,
            -0.0
          ],
          [
            -0.8804710999221753,
            -0.47409982303501724,
            0.0
          ],
          [
            -0.0,
            0.0,
            1.0
          ]
        ]
      }
    }
  ],
  "rgb_file": "rgbd/val/pepper/pepper_frame_0031_rgb.png",
  "depth_file": "rgbd/val/pepper/pepper_frame_0031.npz"
}
