{
  "frame_name": "pepper_frame_0019",
  "crop": "pepper",
  "class_id": 2,
  "class_label": "pepper",
  "annotation_schema": "decision_gt_v1",
  "primary_target_id": 1,
  "targets": [
    {
      "target_id": 1,
      "picking_point": [
        332,
        126
      ],
      "approach_angle_deg": -90.0,
      "camera_pose": {
        "position_m": [
          0.00015975203221740082,
          -0.08871492651198983,
          0.41600000858306885
        ],
        "orientation_rpy_deg": [
          0.0,
          0.0,
          -90.0
        ],
        "rotation_matrix": [
          [
            6.123233995736766e-17,
            1.0,
            0.0
          ],
          [
            -1.0,
            6.123233995736766e-17,
            -0.0
          ],
          [
            -0.0,
            0.0,
            1.0
          ]
        ]
      }
    },
    {
      "target_id": 2,
      "picking_point": [
        440,
        203
      ],
      "approach_angle_deg": -77.19573393471325,
      "camera_pose": {
        "position_m": [
          0.08242247163100629,
          -0.039454185405869736,
          0.46000000834465027
        ],
        "orientation_rpy_deg": [
          0.0,
          0.0,
          -77.19573393471325
        ],
        "rotation_matrix": [
          [
            0.22162110358896822,
            0.9751328557914597,
            0.0
          ],
          [
            -0.9751328557914597,
            0.22162110358896822,
            -0.0
          ],
          [
            -0.0,
            0.0,
            1.0
          ]
        ]
      }
    },
    {
      "target_id": 3,
      "picking_point": [
        132,
        222
      ],
      "approach_angle_deg": -81.57303097851933,
      "camera_pose": {
        "position_m": [
          -0.17693431025140335,
          -0.029056985524989715,
          0.5350000262260437
        ],
        "orientation_rpy_deg": [
          0.0,
          0.0,
          -81.57303097851933
        ],
        "rotation_matrix": [
          [
            0.14654866108946243,
            0.9892034623538708,
            0.0
          ],
          [
            -0.9892034623538708,
            0.14654866108946243,
            -0.0
          ],
          [
            -0.0,
            0.0,
            1.0
          ]
        ]
      }
    },
    {
      "target_id": 4,
      "picking_point": [
        206,
        226
      ],
      "approach_angle_deg": -76.7594800848128,
      "camera_pose": {
        "position_m": [
          -0.11514038841239134,
          -0.02637224817628895,
          0.5530000329017639
        ],
        "orientation_rpy_deg": [
          0.0,
          0.0,
          -76.7594800848128
        ],
        "rotation_matrix": [
          [
            0.22903933372554727,
            0.9734171683335759,
            0.0
          ],
          [
            -0.9734171683335759,
            0.22903933372554727,
            -0.0
          ],
          [
            -0.0,
            0.0,
            1.0
          ]
        ]
      }
    },
    {
      "target_id": 5,
      "picking_point": [
        158,
        268
      ],
      "approach_angle_deg": -77.19573393471325,
      "camera_pose": {
        "position_m": [
          -0.1585089338202402,
          0.012038789730826921,
          0.5509999990463257
        ],
        "orientation_rpy_deg": [
          0.0,
          0.0,
          -77.19573393471325
        ],
        "rotation_matrix": [
          [
            0.22162110358896822,
            0.9751328557914597,
            0.0
          ],
          [
            -0.9751328557914597,
            0.22162110358896822,
            -0.0
          ],
          [
            -0.0,
            0.0,
            1.0
          ]
        ]
      }
    },
    {
      "target_id": 6,
      "picking_point": [
        185,
        443
      ],
      "approach_angle_deg": -82.23483398157467,
      "camera_pose": {
        "position_m": [
          -0.11638560785227203,
          0.14925272642478532,
          0.4790000319480896
        ],
        "orientation_rpy_deg": [
          0.0,
          0.0,
          -82.23483398157467
        ],
        "rotation_matrix": [
          [
            0.1351132047333135,
            0.9908301680442989,
            0.0
          ],
          [
            -0.9908301680442989,
            0.1351132047333135,
            -0.0
          ],
          [
            -0.0,
            0.0,
            1.0
          ]
        ]
      }
    },
    {
      "target_id": 7,
      "picking_point": [
        276,
        440
      ],
      "approach_angle_deg": -60.94539590092286,
      "camera_pose": {
        "position_m": [
          -0.04680859308756717,
          0.15545902663923356,
          0.5070000290870667
        ],
        "orientation_rpy_deg": [
          0.0,
          0.0,
          -60.94539590092286
        ],
        "rotation_matrix": [
          [
            0.48564293117863205,
            0.8741572761215378,
            0.0
          ],
          [
            -0.8741572761215378,
            0.48564293117863205,
            -0.0
          ],
          [
            -0.0,
            0.0,
            1.0
          ]
        ]
      }
    },
    {
      "target_id": 8,
      "picking_point": [
        420,
        384
      ],
      "approach_angle_deg": -93.57633437499736,
      "camera_pose": {
        "position_m": [
          0.07610197851837247,
          0.11144577014276709,
          0.5210000276565552
        ],
        "orientation_rpy_deg": [
          0.0,
          0.0,
          -93.57633437499736
        ],
        "rotation_matrix": [
          [
            -0.06237828615518063,
            0.9980525784828885,
            -0.0
          ],
          [
            -0.9980525784828885,
            -0.06237828615518063,
            0.0
          ],
          [
            -0.0,
            0.0,
            1.0
          ]
        ]
      }
    }
  ],
  "rgb_file": "rgbd/val/pepper/pepper_frame_0019_rgb.png",
  "depth_file": "rgbd/val/pepper/pepper_frame_0019.npz"
}
