{
  "frame_name": "pepper_frame_0024",
  "crop": "pepper",
  "class_id": 2,
  "class_label": "pepper",
  "annotation_schema": "decision_gt_v1",
  "primary_target_id": 1,
  "targets": [
    {
      "target_id": 1,
      "picking_point": [
        532,
        197
      ],
      "approach_angle_deg": -113.96248897457819,
      "camera_pose": {
        "position_m": [
          0.15125723442958514,
          -0.043669748489849385,
          0.45630002617835996
        ],
        "orientation_rpy_deg": [
          0.0,
          0.0,
          -113.96248897457819
        ],
        "rotation_matrix": [
          [
            -0.40613846605344783,
            0.913811548620257,
            -0.0
          ],
          [
            -0.913811548620257,
            -0.40613846605344783,
            0.0
          ],
          [
            -0.0,
            0.0,
            1.0
          ]
        ]
      }
    },
    {
      "target_id": 2,
      "picking_point": [
        185,
        72
      ],
      "approach_angle_deg": -83.6598082540901,
      "camera_pose": {
        "position_m": [
          -0.07799536276923721,
          -0.09715500017706127,
          0.32100000977516174
        ],
        "orientation_rpy_deg": [
          0.0,
          0.0,
          -83.6598082540901
        ],
        "rotation_matrix": [
          [
            0.1104315260748466,
            0.9938837346736189,
            0.0
          ],
          [
            -0.9938837346736189,
            0.1104315260748466,
            -0.0
          ],
          [
            -0.0,
            0.0,
            1.0
          ]
        ]
      }
    },
    {
      "target_id": 3,
      "picking_point": [
        408,
        296
      ],
      "approach_angle_deg": -86.18592516570965,
      "camera_pose": {
        "position_m": [
          0.050952792274265656,
          0.02753806382805294,
          0.40373706817626953
        ],
        "orientation_rpy_deg": [
          0.0,
          0.0,
          -86.18592516570965
        ],
        "rotation_matrix": [
          [
            0.06651901052377394,
            0.9977851578566089,
            0.0
          ],
          [
            -0.9977851578566089,
            0.06651901052377394,
            -0.0
          ],
          [
            -0.0,
            0.0,
            1.0
          ]
        ]
      }
    },
    {
      "target_id": 4,
      "picking_point": [
        311,
        331
      ],
      "approach_angle_deg": -102.52880770915151,
      "camera_pose": {
        "position_m": [
          -0.014670683337069787,
          0.053831015548120226,
          0.4267000198364258
        ],
        "orientation_rpy_deg": [
          0.0,
          0.0,
          -102.52880770915151
        ],
        "rotation_matrix": [
          [
            -0.21693045781865608,
            0.9761870601839528,
            -0.0
          ],
          [
            -0.9761870601839528,
            -0.21693045781865608,
            0.0
          ],
          [
            -0.0,
            0.0,
            1.0
          ]
        ]
      }
    },
    {
      "target_id": 5,
      "picking_point": [
        455,
        407
      ],
      "approach_angle_deg": -93.3664606634298,
      "camera_pose": {
        "position_m": [
          0.09472275667940463,
          0.11699801917962033,
          0.46430002152919764
        ],
        "orientation_rpy_deg": [
          0.0,
          0.0,
          -93.3664606634298
        ],
        "rotation_matrix": [
          [
            -0.05872202195147037,
            0.9982743731749959,
            -0.0
          ],
          [
            -0.9982743731749959,
            -0.05872202195147037,
            0.0
          ],
          [
            -0.0,
            0.0,
            1.0
          ]
        ]
      }
    }
  ],
  "rgb_file": "rgbd/val/pepper/pepper_frame_0024_rgb.png",
  "depth_file": "rgbd/val/pepper/pepper_frame_0024.npz"
}
