{
  "frame_name": "pepper_frame_0038",
  "crop": "pepper",
  "class_id": 2,
  "class_label": "pepper",
  "annotation_schema": "decision_gt_v1",
  "primary_target_id": 1,
  "targets": [
    {
      "target_id": 1,
      "picking_point": [
        493,
        255
      ],
      "approach_angle_deg": -86.18592516570965,
      "camera_pose": {
        "position_m": [
          0.10970470019914762,
          0.0001336544213561341,
          0.4110000133514404
        ],
        "orientation_rpy_deg": [
          0.0,
          0.0,
          -86.18592516570965
        ],
        "rotation_matrix": [
          [
            0.06651901052377394,
            0.9977851578566089,
            0.0
          ],
          [
            -0.9977851578566089,
            0.06651901052377394,
            -0.0
          ],
          [
            -0.0,
            0.0,
            1.0
          ]
        ]
      }
    },
    {
      "target_id": 2,
      "picking_point": [
        287,
        97
      ],
      "approach_angle_deg": -92.86240522611175,
      "camera_pose": {
        "position_m": [
          -0.02873229699801429,
          -0.10128900878504034,
          0.38767701387405396
        ],
        "orientation_rpy_deg": [
          0.0,
          0.0,
          -92.86240522611175
        ],
        "rotation_matrix": [
          [
            -0.04993761694389213,
            0.9987523388778446,
            -0.0
          ],
          [
            -0.9987523388778446,
            -0.04993761694389213,
            0.0
          ],
          [
            -0.0,
            0.0,
            1.0
          ]
        ]
      }
    },
    {
      "target_id": 3,
      "picking_point": [
        406,
        291
      ],
      "approach_angle_deg": -115.46334506187162,
      "camera_pose": {
        "position_m": [
          0.04682180971845176,
          0.02283315346088801,
          0.3810000121593475
        ],
        "orientation_rpy_deg": [
          0.0,
          0.0,
          -115.46334506187162
        ],
        "rotation_matrix": [
          [
            -0.42993358039234786,
            0.9028605188239303,
            -0.0
          ],
          [
            -0.9028605188239303,
            -0.42993358039234786,
            0.0
          ],
          [
            -0.0,
            0.0,
            1.0
          ]
        ]
      }
    },
    {
      "target_id": 4,
      "picking_point": [
        559,
        364
      ],
      "approach_angle_deg": -104.03624346792648,
      "camera_pose": {
        "position_m": [
          0.1794403390678843,
          0.08623869242674409,
          0.47700002789497375
        ],
        "orientation_rpy_deg": [
          0.0,
          0.0,
          -104.03624346792648
        ],
        "rotation_matrix": [
          [
            -0.242535625036333,
            0.9701425001453319,
            -0.0
          ],
          [
            -0.9701425001453319,
            -0.242535625036333,
            0.0
          ],
          [
            -0.0,
            0.0,
            1.0
          ]
        ]
      }
    },
    {
      "target_id": 5,
      "picking_point": [
        616,
        144
      ],
      "approach_angle_deg": -116.56505117707799,
      "camera_pose": {
        "position_m": [
          0.21739380188854213,
          -0.08475614747148916,
          0.4620000123977661
        ],
        "orientation_rpy_deg": [
          0.0,
          0.0,
          -116.56505117707799
        ],
        "rotation_matrix": [
          [
            -0.4472135954999579,
            0.8944271909999159,
            -0.0
          ],
          [
            -0.8944271909999159,
            -0.4472135954999579,
            0.0
          ],
          [
            -0.0,
            0.0,
            1.0
          ]
        ]
      }
    }
  ],
  "rgb_file": "rgbd/val/pepper/pepper_frame_0038_rgb.png",
  "depth_file": "rgbd/val/pepper/pepper_frame_0038.npz"
}
