{
  "frame_name": "pepper_frame_0032",
  "crop": "pepper",
  "class_id": 2,
  "class_label": "pepper",
  "annotation_schema": "decision_gt_v1",
  "primary_target_id": 1,
  "targets": [
    {
      "target_id": 1,
      "picking_point": [
        417,
        134
      ],
      "approach_angle_deg": -131.42366562500266,
      "camera_pose": {
        "position_m": [
          0.07732418287948926,
          -0.10960637598607319,
          0.5480000376701355
        ],
        "orientation_rpy_deg": [
          0.0,
          0.0,
          -131.42366562500266
        ],
        "rotation_matrix": [
          [
            -0.6616216370868465,
            0.7498378553650924,
            -0.0
          ],
          [
            -0.7498378553650924,
            -0.6616216370868465,
            0.0
          ],
          [
            -0.0,
            0.0,
            1.0
          ]
        ]
      }
    },
    {
      "target_id": 2,
      "picking_point": [
        419,
        214
      ],
      "approach_angle_deg": -112.38013505195958,
      "camera_pose": {
        "position_m": [
          0.08101600146377701,
          -0.0378997771076435,
          0.5610000491142273
        ],
        "orientation_rpy_deg": [
          0.0,
          0.0,
          -112.38013505195958
        ],
        "rotation_matrix": [
          [
            -0.3807498052542949,
            0.9246780984747159,
            -0.0
          ],
          [
            -0.9246780984747159,
            -0.3807498052542949,
            0.0
          ],
          [
            -0.0,
            0.0,
            1.0
          ]
        ]
      }
    },
    {
      "target_id": 3,
      "picking_point": [
        445,
        245
      ],
      "approach_angle_deg": -108.97040780848656,
      "camera_pose": {
        "position_m": [
          0.08234828774533089,
          -0.007130397839133055,
          0.43929198384284973
        ],
        "orientation_rpy_deg": [
          0.0,
          0.0,
          -108.97040780848656
        ],
        "rotation_matrix": [
          [
            -0.325079768511048,
            0.9456865993048666,
            -0.0
          ],
          [
            -0.9456865993048666,
            -0.325079768511048,
            0.0
          ],
          [
            -0.0,
            0.0,
            1.0
          ]
        ]
      }
    }
  ],
  "rgb_file": "rgbd/val/pepper/pepper_frame_0032_rgb.png",
  "depth_file": "rgbd/val/pepper/pepper_frame_0032.npz"
}
