{
  "frame_name": "pepper_frame_0052",
  "crop": "pepper",
  "class_id": 2,
  "class_label": "pepper",
  "annotation_schema": "decision_gt_v1",
  "primary_target_id": 1,
  "targets": [
    {
      "target_id": 1,
      "picking_point": [
        610,
        197
      ],
      "approach_angle_deg": -105.25511870305779,
      "camera_pose": {
        "position_m": [
          0.2869478332519963,
          -0.05962026070332499,
          0.6229650378227234
        ],
        "orientation_rpy_deg": [
          0.0,
          0.0,
          -105.25511870305779
        ],
        "rotation_matrix": [
          [
            -0.263117405792109,
            0.9647638212377321,
            -0.0
          ],
          [
            -0.9647638212377321,
            -0.263117405792109,
            0.0
          ],
          [
            -0.0,
            0.0,
            1.0
          ]
        ]
      }
    },
    {
      "target_id": 2,
      "picking_point": [
        476,
        280
      ],
      "approach_angle_deg": -84.28940686250037,
      "camera_pose": {
        "position_m": [
          0.1659206433632534,
          0.028988165405070973,
          0.6948749423027039
        ],
        "orientation_rpy_deg": [
          0.0,
          0.0,
          -84.28940686250037
        ],
        "rotation_matrix": [
          [
            0.0995037190209988,
            0.9950371902099892,
            0.0
          ],
          [
            -0.9950371902099892,
            0.0995037190209988,
            -0.0
          ],
          [
            -0.0,
            0.0,
            1.0
          ]
        ]
      }
    },
    {
      "target_id": 3,
      "picking_point": [
        390,
        314
      ],
      "approach_angle_deg": -102.52880770915151,
      "camera_pose": {
        "position_m": [
          0.05951530386300292,
          0.060507015720702044,
          0.6173549890518188
        ],
        "orientation_rpy_deg": [
          0.0,
          0.0,
          -102.52880770915151
        ],
        "rotation_matrix": [
          [
            -0.21693045781865608,
            0.9761870601839528,
            -0.0
          ],
          [
            -0.9761870601839528,
            -0.21693045781865608,
            0.0
          ],
          [
            -0.0,
            0.0,
            1.0
          ]
        ]
      }
    },
    {
      "target_id": 4,
      "picking_point": [
        316,
        82
      ],
      "approach_angle_deg": -79.99202019855866,
      "camera_pose": {
        "position_m": [
          -0.01809253673817287,
          -0.1982977381173622,
          0.6930899620056152
        ],
        "orientation_rpy_deg": [
          0.0,
          0.0,
          -79.99202019855866
        ],
        "rotation_matrix": [
          [
            0.17378533390904766,
            0.9847835588179368,
            0.0
          ],
          [
            -0.9847835588179368,
            0.17378533390904766,
            -0.0
          ],
          [
            -0.0,
            0.0,
            1.0
          ]
        ]
      }
    },
    {
      "target_id": 5,
      "picking_point": [
        304,
        133
      ],
      "approach_angle_deg": -90.0,
      "camera_pose": {
        "position_m": [
          -0.025449393448316922,
          -0.11164402822803202,
          0.5536050200462341
        ],
        "orientation_rpy_deg": [
          0.0,
          0.0,
          -90.0
        ],
        "rotation_matrix": [
          [
            6.123233995736766e-17,
            1.0,
            0.0
          ],
          [
            -1.0,
            6.123233995736766e-17,
            -0.0
          ],
          [
            -0.0,
            0.0,
            1.0
          ]
        ]
      }
    },
    {
      "target_id": 6,
      "picking_point": [
        532,
        394
      ],
      "approach_angle_deg": -98.9726266148964,
      "camera_pose": {
        "position_m": [
          0.21707052505018212,
          0.15091716090632096,
          0.6548399925231934
        ],
        "orientation_rpy_deg": [
          0.0,
          0.0,
          -98.9726266148964
        ],
        "rotation_matrix": [
          [
            -0.15596257347301093,
            0.987762965329069,
            -0.0
          ],
          [
            -0.987762965329069,
            -0.15596257347301093,
            0.0
          ],
          [
            -0.0,
            0.0,
            1.0
          ]
        ]
      }
    }
  ],
  "rgb_file": "rgbd/val/pepper/pepper_frame_0052_rgb.png",
  "depth_file": "rgbd/val/pepper/pepper_frame_0052.npz"
}
