{
  "frame_name": "pepper_frame_0020",
  "crop": "pepper",
  "class_id": 2,
  "class_label": "pepper",
  "annotation_schema": "decision_gt_v1",
  "primary_target_id": 1,
  "targets": [
    {
      "target_id": 1,
      "picking_point": [
        201,
        223
      ],
      "approach_angle_deg": -67.83365417791754,
      "camera_pose": {
        "position_m": [
          -0.13400608411666015,
          -0.03259433955541345,
          0.6190000176429749
        ],
        "orientation_rpy_deg": [
          0.0,
          0.0,
          -67.83365417791754
        ],
        "rotation_matrix": [
          [
            0.37729688731351946,
            0.9260923597695477,
            0.0
          ],
          [
            -0.9260923597695477,
            0.37729688731351946,
            -0.0
          ],
          [
            -0.0,
            0.0,
            1.0
          ]
        ]
      }
    },
    {
      "target_id": 2,
      "picking_point": [
        160,
        256
      ],
      "approach_angle_deg": -76.37300514010846,
      "camera_pose": {
        "position_m": [
          -0.16749040509190743,
          0.0011667321573615198,
          0.5890000462532043
        ],
        "orientation_rpy_deg": [
          0.0,
          0.0,
          -76.37300514010846
        ],
        "rotation_matrix": [
          [
            0.23560002562150412,
            0.9718501056887048,
            0.0
          ],
          [
            -0.9718501056887048,
            0.23560002562150412,
            -0.0
          ],
          [
            -0.0,
            0.0,
            1.0
          ]
        ]
      }
    },
    {
      "target_id": 3,
      "picking_point": [
        138,
        210
      ],
      "approach_angle_deg": -83.8844964337146,
      "camera_pose": {
        "position_m": [
          -0.1905464521084546,
          -0.044063061864266624,
          0.5940000414848328
        ],
        "orientation_rpy_deg": [
          0.0,
          0.0,
          -83.8844964337146
        ],
        "rotation_matrix": [
          [
            0.10653312363426519,
            0.994309153919809,
            0.0
          ],
          [
            -0.994309153919809,
            0.10653312363426519,
            -0.0
          ],
          [
            -0.0,
            0.0,
            1.0
          ]
        ]
      }
    },
    {
      "target_id": 4,
      "picking_point": [
        326,
        129
      ],
      "approach_angle_deg": -83.6598082540901,
      "camera_pose": {
        "position_m": [
          -0.0049750557829478315,
          -0.1085190968162038,
          0.5210000276565552
        ],
        "orientation_rpy_deg": [
          0.0,
          0.0,
          -83.6598082540901
        ],
        "rotation_matrix": [
          [
            0.1104315260748466,
            0.9938837346736189,
            0.0
          ],
          [
            -0.9938837346736189,
            0.1104315260748466,
            -0.0
          ],
          [
            -0.0,
            0.0,
            1.0
          ]
        ]
      }
    },
    {
      "target_id": 5,
      "picking_point": [
        438,
        197
      ],
      "approach_angle_deg": -85.60129464500447,
      "camera_pose": {
        "position_m": [
          0.09572509816804617,
          -0.052091702524060306,
          0.5443000257015228
        ],
        "orientation_rpy_deg": [
          0.0,
          0.0,
          -85.60129464500447
        ],
        "rotation_matrix": [
          [
            0.07669649888473697,
            0.9970544855015816,
            0.0
          ],
          [
            -0.9970544855015816,
            0.07669649888473697,
            -0.0
          ],
          [
            -0.0,
            0.0,
            1.0
          ]
        ]
      }
    },
    {
      "target_id": 6,
      "picking_point": [
        283,
        422
      ],
      "approach_angle_deg": -71.93952806380082,
      "camera_pose": {
        "position_m": [
          -0.044162625619531576,
          0.15142225557171587,
          0.5470000505447388
        ],
        "orientation_rpy_deg": [
          0.0,
          0.0,
          -71.93952806380082
        ],
        "rotation_matrix": [
          [
            0.31002059983091684,
            0.9507298394814788,
            0.0
          ],
          [
            -0.9507298394814788,
            0.31002059983091684,
            -0.0
          ],
          [
            -0.0,
            0.0,
            1.0
          ]
        ]
      }
    },
    {
      "target_id": 7,
      "picking_point": [
        191,
        422
      ],
      "approach_angle_deg": -80.53767779197439,
      "camera_pose": {
        "position_m": [
          -0.13283459655415616,
          0.1577891876469436,
          0.5700000524520874
        ],
        "orientation_rpy_deg": [
          0.0,
          0.0,
          -80.53767779197439
        ],
        "rotation_matrix": [
          [
            0.1643989873053572,
            0.9863939238321437,
            0.0
          ],
          [
            -0.9863939238321437,
            0.1643989873053572,
            -0.0
          ],
          [
            -0.0,
            0.0,
            1.0
          ]
        ]
      }
    },
    {
      "target_id": 8,
      "picking_point": [
        419,
        369
      ],
      "approach_angle_deg": -87.87890360333854,
      "camera_pose": {
        "position_m": [
          0.07769448983265552,
          0.10172089268712245,
          0.5380000472068787
        ],
        "orientation_rpy_deg": [
          0.0,
          0.0,
          -87.87890360333854
        ],
        "rotation_matrix": [
          [
            0.037011660509880355,
            0.9993148337667671,
            0.0
          ],
          [
            -0.9993148337667671,
            0.037011660509880355,
            -0.0
          ],
          [
            -0.0,
            0.0,
            1.0
          ]
        ]
      }
    }
  ],
  "rgb_file": "rgbd/val/pepper/pepper_frame_0020_rgb.png",
  "depth_file": "rgbd/val/pepper/pepper_frame_0020.npz"
}
