{
  "frame_name": "pepper_frame_0030",
  "crop": "pepper",
  "class_id": 2,
  "class_label": "pepper",
  "annotation_schema": "decision_gt_v1",
  "primary_target_id": 1,
  "targets": [
    {
      "target_id": 1,
      "picking_point": [
        358,
        200
      ],
      "approach_angle_deg": -128.6598082540901,
      "camera_pose": {
        "position_m": [
          0.014200735737440543,
          -0.029670999412877645,
          0.3270000219345093
        ],
        "orientation_rpy_deg": [
          0.0,
          0.0,
          -128.6598082540901
        ],
        "rotation_matrix": [
          [
            -0.6246950475544244,
            0.7808688094430303,
            -0.0
          ],
          [
            -0.7808688094430303,
            -0.6246950475544244,
            0.0
          ],
          [
            -0.0,
            0.0,
            1.0
          ]
        ]
      }
    },
    {
      "target_id": 2,
      "picking_point": [
        364,
        176
      ],
      "approach_angle_deg": -112.24902365721238,
      "camera_pose": {
        "position_m": [
          0.03212296008697889,
          -0.07854488767989765,
          0.6020000576972961
        ],
        "orientation_rpy_deg": [
          0.0,
          0.0,
          -112.24902365721238
        ],
        "rotation_matrix": [
          [
            -0.3786328457205044,
            0.9255469562056766,
            -0.0
          ],
          [
            -0.9255469562056766,
            -0.3786328457205044,
            0.0
          ],
          [
            -0.0,
            0.0,
            1.0
          ]
        ]
      }
    },
    {
      "target_id": 3,
      "picking_point": [
        373,
        109
      ],
      "approach_angle_deg": -122.0053832080835,
      "camera_pose": {
        "position_m": [
          0.03911298037188153,
          -0.138324223210452,
          0.5730000138282776
        ],
        "orientation_rpy_deg": [
          0.0,
          0.0,
          -122.0053832080835
        ],
        "rotation_matrix": [
          [
            -0.5299989400031799,
            0.847998304005088,
            -0.0
          ],
          [
            -0.847998304005088,
            -0.5299989400031799,
            0.0
          ],
          [
            -0.0,
            0.0,
            1.0
          ]
        ]
      }
    }
  ],
  "rgb_file": "rgbd/val/pepper/pepper_frame_0030_rgb.png",
  "depth_file": "rgbd/val/pepper/pepper_frame_0030.npz"
}
