{
  "frame_name": "pepper_frame_0021",
  "crop": "pepper",
  "class_id": 2,
  "class_label": "pepper",
  "annotation_schema": "decision_gt_v1",
  "primary_target_id": 1,
  "targets": [
    {
      "target_id": 1,
      "picking_point": [
        383,
        189
      ],
      "approach_angle_deg": -74.21924669048461,
      "camera_pose": {
        "position_m": [
          0.041050518450228654,
          -0.05273152846407445,
          0.484000027179718
        ],
        "orientation_rpy_deg": [
          0.0,
          0.0,
          -74.21924669048461
        ],
        "rotation_matrix": [
          [
            0.27195700522594757,
            0.9623094031071991,
            0.0
          ],
          [
            -0.9623094031071991,
            0.27195700522594757,
            -0.0
          ],
          [
            -0.0,
            0.0,
            1.0
          ]
        ]
      }
    },
    {
      "target_id": 2,
      "picking_point": [
        270,
        106
      ],
      "approach_angle_deg": -74.05460409907715,
      "camera_pose": {
        "position_m": [
          -0.041774940519658195,
          -0.10064879814260949,
          0.408526086807251
        ],
        "orientation_rpy_deg": [
          0.0,
          0.0,
          -74.05460409907715
        ],
        "rotation_matrix": [
          [
            0.27472112789737796,
            0.9615239476408232,
            0.0
          ],
          [
            -0.9615239476408232,
            0.27472112789737796,
            -0.0
          ],
          [
            -0.0,
            0.0,
            1.0
          ]
        ]
      }
    },
    {
      "target_id": 3,
      "picking_point": [
        17,
        188
      ],
      "approach_angle_deg": -72.40757543781841,
      "camera_pose": {
        "position_m": [
          -0.29129611886299256,
          -0.06182825762427017,
          0.5590000152587891
        ],
        "orientation_rpy_deg": [
          0.0,
          0.0,
          -72.40757543781841
        ],
        "rotation_matrix": [
          [
            0.3022438607339301,
            0.9532306376993182,
            0.0
          ],
          [
            -0.9532306376993182,
            0.3022438607339301,
            -0.0
          ],
          [
            -0.0,
            0.0,
            1.0
          ]
        ]
      }
    },
    {
      "target_id": 4,
      "picking_point": [
        94,
        202
      ],
      "approach_angle_deg": -76.32869286780416,
      "camera_pose": {
        "position_m": [
          -0.2149207613596155,
          -0.047734401340813144,
          0.5460000038146973
        ],
        "orientation_rpy_deg": [
          0.0,
          0.0,
          -76.32869286780416
        ],
        "rotation_matrix": [
          [
            0.23635157914750057,
            0.9716676031619469,
            0.0
          ],
          [
            -0.9716676031619469,
            0.23635157914750057,
            -0.0
          ],
          [
            -0.0,
            0.0,
            1.0
          ]
        ]
      }
    },
    {
      "target_id": 5,
      "picking_point": [
        51,
        248
      ],
      "approach_angle_deg": -79.8753283446022,
      "camera_pose": {
        "position_m": [
          -0.21381479734696318,
          -0.005181688420845125,
          0.46000000834465027
        ],
        "orientation_rpy_deg": [
          0.0,
          0.0,
          -79.8753283446022
        ],
        "rotation_matrix": [
          [
            0.17579063848365722,
            0.984427575508482,
            0.0
          ],
          [
            -0.984427575508482,
            0.17579063848365722,
            -0.0
          ],
          [
            -0.0,
            0.0,
            1.0
          ]
        ]
      }
    },
    {
      "target_id": 6,
      "picking_point": [
        198,
        446
      ],
      "approach_angle_deg": -65.09523119190482,
      "camera_pose": {
        "position_m": [
          -0.10386218583563814,
          0.14846633341564436,
          0.4690000116825104
        ],
        "orientation_rpy_deg": [
          0.0,
          0.0,
          -65.09523119190482
        ],
        "rotation_matrix": [
          [
            0.421111306454629,
            0.9070089677484316,
            0.0
          ],
          [
            -0.9070089677484316,
            0.421111306454629,
            -0.0
          ],
          [
            -0.0,
            0.0,
            1.0
          ]
        ]
      }
    },
    {
      "target_id": 7,
      "picking_point": [
        355,
        370
      ],
      "approach_angle_deg": -100.78429786756261,
      "camera_pose": {
        "position_m": [
          0.01988422835527464,
          0.09860635429376331,
          0.5170000195503235
        ],
        "orientation_rpy_deg": [
          0.0,
          0.0,
          -100.78429786756261
        ],
        "rotation_matrix": [
          [
            -0.18711210788999547,
            0.9823385664224746,
            -0.0
          ],
          [
            -0.9823385664224746,
            -0.18711210788999547,
            0.0
          ],
          [
            -0.0,
            0.0,
            1.0
          ]
        ]
      }
    }
  ],
  "rgb_file": "rgbd/val/pepper/pepper_frame_0021_rgb.png",
  "depth_file": "rgbd/val/pepper/pepper_frame_0021.npz"
}
