{
  "frame_name": "pepper_frame_0043",
  "crop": "pepper",
  "class_id": 2,
  "class_label": "pepper",
  "annotation_schema": "decision_gt_v1",
  "primary_target_id": 1,
  "targets": [
    {
      "target_id": 1,
      "picking_point": [
        523,
        424
      ],
      "approach_angle_deg": -109.17900802581072,
      "camera_pose": {
        "position_m": [
          0.12885081054131683,
          0.11401472793264482,
          0.4070000052452087
        ],
        "orientation_rpy_deg": [
          0.0,
          0.0,
          -109.17900802581072
        ],
        "rotation_matrix": [
          [
            -0.3285206249412727,
            0.9444967967061592,
            -0.0
          ],
          [
            -0.9444967967061592,
            -0.3285206249412727,
            0.0
          ],
          [
            -0.0,
            0.0,
            1.0
          ]
        ]
      }
    },
    {
      "target_id": 2,
      "picking_point": [
        415,
        286
      ],
      "approach_angle_deg": -83.6598082540901,
      "camera_pose": {
        "position_m": [
          0.051396229468379545,
          0.019265881759316178,
          0.3730000257492065
        ],
        "orientation_rpy_deg": [
          0.0,
          0.0,
          -83.6598082540901
        ],
        "rotation_matrix": [
          [
            0.1104315260748466,
            0.9938837346736189,
            0.0
          ],
          [
            -0.9938837346736189,
            0.1104315260748466,
            -0.0
          ],
          [
            -0.0,
            0.0,
            1.0
          ]
        ]
      }
    },
    {
      "target_id": 3,
      "picking_point": [
        304,
        326
      ],
      "approach_angle_deg": -106.26020470831196,
      "camera_pose": {
        "position_m": [
          -0.015032291822651075,
          0.038546174011342374,
          0.3270000219345093
        ],
        "orientation_rpy_deg": [
          0.0,
          0.0,
          -106.26020470831196
        ],
        "rotation_matrix": [
          [
            -0.2799999999999999,
            0.9600000000000001,
            -0.0
          ],
          [
            -0.9600000000000001,
            -0.2799999999999999,
            0.0
          ],
          [
            -0.0,
            0.0,
            1.0
          ]
        ]
      }
    },
    {
      "target_id": 4,
      "picking_point": [
        547,
        167
      ],
      "approach_angle_deg": -120.06858282186246,
      "camera_pose": {
        "position_m": [
          0.1557114205046447,
          -0.06352857362757035,
          0.4370000064373016
        ],
        "orientation_rpy_deg": [
          0.0,
          0.0,
          -120.06858282186246
        ],
        "rotation_matrix": [
          [
            -0.5010362705417047,
            0.8654262854811261,
            -0.0
          ],
          [
            -0.8654262854811261,
            -0.5010362705417047,
            0.0
          ],
          [
            -0.0,
            0.0,
            1.0
          ]
        ]
      }
    },
    {
      "target_id": 5,
      "picking_point": [
        196,
        146
      ],
      "approach_angle_deg": -90.0,
      "camera_pose": {
        "position_m": [
          -0.09013099947810696,
          -0.07223755060189001,
          0.4010000228881836
        ],
        "orientation_rpy_deg": [
          0.0,
          0.0,
          -90.0
        ],
        "rotation_matrix": [
          [
            6.123233995736766e-17,
            1.0,
            0.0
          ],
          [
            -1.0,
            6.123233995736766e-17,
            -0.0
          ],
          [
            -0.0,
            0.0,
            1.0
          ]
        ]
      }
    },
    {
      "target_id": 6,
      "picking_point": [
        147,
        71
      ],
      "approach_angle_deg": -75.96375653207353,
      "camera_pose": {
        "position_m": [
          -0.11531888948244368,
          -0.1147283467547835,
          0.37700000405311584
        ],
        "orientation_rpy_deg": [
          0.0,
          0.0,
          -75.96375653207353
        ],
        "rotation_matrix": [
          [
            0.24253562503633289,
            0.9701425001453319,
            0.0
          ],
          [
            -0.9701425001453319,
            0.24253562503633289,
            -0.0
          ],
          [
            -0.0,
            0.0,
            1.0
          ]
        ]
      }
    }
  ],
  "rgb_file": "rgbd/val/pepper/pepper_frame_0043_rgb.png",
  "depth_file": "rgbd/val/pepper/pepper_frame_0043.npz"
}
