{
  "frame_name": "pepper_frame_0039",
  "crop": "pepper",
  "class_id": 2,
  "class_label": "pepper",
  "annotation_schema": "decision_gt_v1",
  "primary_target_id": 1,
  "targets": [
    {
      "target_id": 1,
      "picking_point": [
        577,
        151
      ],
      "approach_angle_deg": -114.62356478616361,
      "camera_pose": {
        "position_m": [
          0.19162464336246493,
          -0.0811203453991817,
          0.47200003266334534
        ],
        "orientation_rpy_deg": [
          0.0,
          0.0,
          -114.62356478616361
        ],
        "rotation_matrix": [
          [
            -0.4166547104932137,
            0.9090648228942843,
            -0.0
          ],
          [
            -0.9090648228942843,
            -0.4166547104932137,
            0.0
          ],
          [
            -0.0,
            0.0,
            1.0
          ]
        ]
      }
    },
    {
      "target_id": 2,
      "picking_point": [
        452,
        264
      ],
      "approach_angle_deg": -77.66091272167381,
      "camera_pose": {
        "position_m": [
          0.08200672042832383,
          0.006273227245925821,
          0.4120000302791595
        ],
        "orientation_rpy_deg": [
          0.0,
          0.0,
          -77.66091272167381
        ],
        "rotation_matrix": [
          [
            0.21369687880543226,
            0.9769000173962616,
            0.0
          ],
          [
            -0.9769000173962616,
            0.21369687880543226,
            -0.0
          ],
          [
            -0.0,
            0.0,
            1.0
          ]
        ]
      }
    },
    {
      "target_id": 3,
      "picking_point": [
        364,
        298
      ],
      "approach_angle_deg": -109.98310652189998,
      "camera_pose": {
        "position_m": [
          0.019316463499500582,
          0.025889976256515665,
          0.3620000183582306
        ],
        "orientation_rpy_deg": [
          0.0,
          0.0,
          -109.98310652189998
        ],
        "rotation_matrix": [
          [
            -0.34174306308670443,
            0.939793423488437,
            -0.0
          ],
          [
            -0.939793423488437,
            -0.34174306308670443,
            0.0
          ],
          [
            -0.0,
            0.0,
            1.0
          ]
        ]
      }
    },
    {
      "target_id": 4,
      "picking_point": [
        251,
        101
      ],
      "approach_angle_deg": -93.81407483429037,
      "camera_pose": {
        "position_m": [
          -0.05321755074415358,
          -0.10135028392822615,
          0.398000031709671
        ],
        "orientation_rpy_deg": [
          0.0,
          0.0,
          -93.81407483429037
        ],
        "rotation_matrix": [
          [
            -0.06651901052377404,
            0.9977851578566089,
            -0.0
          ],
          [
            -0.9977851578566089,
            -0.06651901052377404,
            0.0
          ],
          [
            -0.0,
            0.0,
            1.0
          ]
        ]
      }
    },
    {
      "target_id": 5,
      "picking_point": [
        521,
        368
      ],
      "approach_angle_deg": -104.53445508054013,
      "camera_pose": {
        "position_m": [
          0.15131218109473707,
          0.09052221899545404,
          0.4830000102519989
        ],
        "orientation_rpy_deg": [
          0.0,
          0.0,
          -104.53445508054013
        ],
        "rotation_matrix": [
          [
            -0.25096215878372613,
            0.9679968981658008,
            -0.0
          ],
          [
            -0.9679968981658008,
            -0.25096215878372613,
            0.0
          ],
          [
            -0.0,
            0.0,
            1.0
          ]
        ]
      }
    },
    {
      "target_id": 6,
      "picking_point": [
        246,
        70
      ],
      "approach_angle_deg": -93.57633437499736,
      "camera_pose": {
        "position_m": [
          -0.057931917804603876,
          -0.12483776396162546,
          0.40800002217292786
        ],
        "orientation_rpy_deg": [
          0.0,
          0.0,
          -93.57633437499736
        ],
        "rotation_matrix": [
          [
            -0.06237828615518063,
            0.9980525784828885,
            -0.0
          ],
          [
            -0.9980525784828885,
            -0.06237828615518063,
            0.0
          ],
          [
            -0.0,
            0.0,
            1.0
          ]
        ]
      }
    }
  ],
  "rgb_file": "rgbd/val/pepper/pepper_frame_0039_rgb.png",
  "depth_file": "rgbd/val/pepper/pepper_frame_0039.npz"
}
