{
  "frame_name": "pepper_frame_0045",
  "crop": "pepper",
  "class_id": 2,
  "class_label": "pepper",
  "annotation_schema": "decision_gt_v1",
  "primary_target_id": 1,
  "targets": [
    {
      "target_id": 1,
      "picking_point": [
        572,
        221
      ],
      "approach_angle_deg": -123.69006752597979,
      "camera_pose": {
        "position_m": [
          0.1678322893735561,
          -0.02361841105898886,
          0.4220000207424164
        ],
        "orientation_rpy_deg": [
          0.0,
          0.0,
          -123.69006752597979
        ],
        "rotation_matrix": [
          [
            -0.5547001962252289,
            0.8320502943378438,
            -0.0
          ],
          [
            -0.8320502943378438,
            -0.5547001962252289,
            0.0
          ],
          [
            -0.0,
            0.0,
            1.0
          ]
        ]
      }
    },
    {
      "target_id": 2,
      "picking_point": [
        437,
        338
      ],
      "approach_angle_deg": -88.02506598911803,
      "camera_pose": {
        "position_m": [
          0.06306501790323155,
          0.049864168165110904,
          0.3620000183582306
        ],
        "orientation_rpy_deg": [
          0.0,
          0.0,
          -88.02506598911803
        ],
        "rotation_matrix": [
          [
            0.03446227583977866,
            0.9994059993535875,
            0.0
          ],
          [
            -0.9994059993535875,
            0.03446227583977866,
            -0.0
          ],
          [
            -0.0,
            0.0,
            1.0
          ]
        ]
      }
    },
    {
      "target_id": 3,
      "picking_point": [
        316,
        371
      ],
      "approach_angle_deg": -97.1250163489018,
      "camera_pose": {
        "position_m": [
          -0.00840554276093717,
          0.06194753301685738,
          0.32200002670288086
        ],
        "orientation_rpy_deg": [
          0.0,
          0.0,
          -97.1250163489018
        ],
        "rotation_matrix": [
          [
            -0.12403473458920843,
            0.9922778767136676,
            -0.0
          ],
          [
            -0.9922778767136676,
            -0.12403473458920843,
            0.0
          ],
          [
            -0.0,
            0.0,
            1.0
          ]
        ]
      }
    },
    {
      "target_id": 4,
      "picking_point": [
        214,
        194
      ],
      "approach_angle_deg": -97.4314079711725,
      "camera_pose": {
        "position_m": [
          -0.07701171480672654,
          -0.03976506665684392,
          0.39500001072883606
        ],
        "orientation_rpy_deg": [
          0.0,
          0.0,
          -97.4314079711725
        ],
        "rotation_matrix": [
          [
            -0.12933918406776806,
            0.9916004111862218,
            -0.0
          ],
          [
            -0.9916004111862218,
            -0.12933918406776806,
            0.0
          ],
          [
            -0.0,
            0.0,
            1.0
          ]
        ]
      }
    },
    {
      "target_id": 5,
      "picking_point": [
        169,
        116
      ],
      "approach_angle_deg": -78.3106308245608,
      "camera_pose": {
        "position_m": [
          -0.10131861437618486,
          -0.08640998968701999,
          0.3760000169277191
        ],
        "orientation_rpy_deg": [
          0.0,
          0.0,
          -78.3106308245608
        ],
        "rotation_matrix": [
          [
            0.2026056040359523,
            0.9792604195071027,
            0.0
          ],
          [
            -0.9792604195071027,
            0.2026056040359523,
            -0.0
          ],
          [
            -0.0,
            0.0,
            1.0
          ]
        ]
      }
    }
  ],
  "rgb_file": "rgbd/val/pepper/pepper_frame_0045_rgb.png",
  "depth_file": "rgbd/val/pepper/pepper_frame_0045.npz"
}
