{
  "frame_name": "pepper_frame_0051",
  "crop": "pepper",
  "class_id": 2,
  "class_label": "pepper",
  "annotation_schema": "decision_gt_v1",
  "primary_target_id": 1,
  "targets": [
    {
      "target_id": 1,
      "picking_point": [
        436,
        414
      ],
      "approach_angle_deg": -79.99202019855866,
      "camera_pose": {
        "position_m": [
          0.07621162664967539,
          0.11641172422255182,
          0.44165998697280884
        ],
        "orientation_rpy_deg": [
          0.0,
          0.0,
          -79.99202019855866
        ],
        "rotation_matrix": [
          [
            0.17378533390904766,
            0.9847835588179368,
            0.0
          ],
          [
            -0.9847835588179368,
            0.17378533390904766,
            -0.0
          ],
          [
            -0.0,
            0.0,
            1.0
          ]
        ]
      }
    },
    {
      "target_id": 2,
      "picking_point": [
        562,
        429
      ],
      "approach_angle_deg": -102.52880770915151,
      "camera_pose": {
        "position_m": [
          0.4056864142329687,
          0.30697795461292204,
          1.0643699169158936
        ],
        "orientation_rpy_deg": [
          0.0,
          0.0,
          -102.52880770915151
        ],
        "rotation_matrix": [
          [
            -0.21693045781865608,
            0.9761870601839528,
            -0.0
          ],
          [
            -0.9761870601839528,
            -0.21693045781865608,
            0.0
          ],
          [
            -0.0,
            0.0,
            1.0
          ]
        ]
      }
    },
    {
      "target_id": 3,
      "picking_point": [
        334,
        175
      ],
      "approach_angle_deg": -74.57783868126133,
      "camera_pose": {
        "position_m": [
          0.0028464945684098094,
          -0.1017861561619153,
          0.7703549861907959
        ],
        "orientation_rpy_deg": [
          0.0,
          0.0,
          -74.57783868126133
        ],
        "rotation_matrix": [
          [
            0.26592899812581344,
            0.9639926182060737,
            0.0
          ],
          [
            -0.9639926182060737,
            0.26592899812581344,
            -0.0
          ],
          [
            -0.0,
            0.0,
            1.0
          ]
        ]
      }
    },
    {
      "target_id": 4,
      "picking_point": [
        361,
        460
      ],
      "approach_angle_deg": -90.0,
      "camera_pose": {
        "position_m": [
          0.023607249778671992,
          0.16572968245299263,
          0.4878149926662445
        ],
        "orientation_rpy_deg": [
          0.0,
          0.0,
          -90.0
        ],
        "rotation_matrix": [
          [
            6.123233995736766e-17,
            1.0,
            0.0
          ],
          [
            -1.0,
            6.123233995736766e-17,
            -0.0
          ],
          [
            -0.0,
            0.0,
            1.0
          ]
        ]
      }
    }
  ],
  "rgb_file": "rgbd/val/pepper/pepper_frame_0051_rgb.png",
  "depth_file": "rgbd/val/pepper/pepper_frame_0051.npz"
}
