{
  "frame_name": "pepper_frame_0036",
  "crop": "pepper",
  "class_id": 2,
  "class_label": "pepper",
  "annotation_schema": "decision_gt_v1",
  "primary_target_id": 1,
  "targets": [
    {
      "target_id": 1,
      "picking_point": [
        507,
        327
      ],
      "approach_angle_deg": -90.0,
      "camera_pose": {
        "position_m": [
          0.13054436025016672,
          0.05379024644162436,
          0.45000001788139343
        ],
        "orientation_rpy_deg": [
          0.0,
          0.0,
          -90.0
        ],
        "rotation_matrix": [
          [
            6.123233995736766e-17,
            1.0,
            0.0
          ],
          [
            -1.0,
            6.123233995736766e-17,
            -0.0
          ],
          [
            -0.0,
            0.0,
            1.0
          ]
        ]
      }
    },
    {
      "target_id": 2,
      "picking_point": [
        458,
        396
      ],
      "approach_angle_deg": -108.43494882292202,
      "camera_pose": {
        "position_m": [
          0.09481354687261569,
          0.10606396320110208,
          0.4537000209093094
        ],
        "orientation_rpy_deg": [
          0.0,
          0.0,
          -108.43494882292202
        ],
        "rotation_matrix": [
          [
            -0.31622776601683805,
            0.9486832980505138,
            -0.0
          ],
          [
            -0.9486832980505138,
            -0.31622776601683805,
            0.0
          ],
          [
            -0.0,
            0.0,
            1.0
          ]
        ]
      }
    },
    {
      "target_id": 3,
      "picking_point": [
        552,
        410
      ],
      "approach_angle_deg": -114.62356478616361,
      "camera_pose": {
        "position_m": [
          0.1884964458680868,
          0.13284573842877004,
          0.5170000195503235
        ],
        "orientation_rpy_deg": [
          0.0,
          0.0,
          -114.62356478616361
        ],
        "rotation_matrix": [
          [
            -0.4166547104932137,
            0.9090648228942843,
            -0.0
          ],
          [
            -0.9090648228942843,
            -0.4166547104932137,
            0.0
          ],
          [
            -0.0,
            0.0,
            1.0
          ]
        ]
      }
    },
    {
      "target_id": 4,
      "picking_point": [
        561,
        210
      ],
      "approach_angle_deg": -113.4286928087454,
      "camera_pose": {
        "position_m": [
          0.20037399177930443,
          -0.03916716315391268,
          0.527999997138977
        ],
        "orientation_rpy_deg": [
          0.0,
          0.0,
          -113.4286928087454
        ],
        "rotation_matrix": [
          [
            -0.39760743763430034,
            0.9175556253099242,
            -0.0
          ],
          [
            -0.9175556253099242,
            -0.39760743763430034,
            0.0
          ],
          [
            -0.0,
            0.0,
            1.0
          ]
        ]
      }
    },
    {
      "target_id": 5,
      "picking_point": [
        265,
        149
      ],
      "approach_angle_deg": -77.66091272167381,
      "camera_pose": {
        "position_m": [
          -0.04211393715739069,
          -0.06674224061752948,
          0.38100001215934753
        ],
        "orientation_rpy_deg": [
          0.0,
          0.0,
          -77.66091272167381
        ],
        "rotation_matrix": [
          [
            0.21369687880543226,
            0.9769000173962616,
            0.0
          ],
          [
            -0.9769000173962616,
            0.21369687880543226,
            -0.0
          ],
          [
            -0.0,
            0.0,
            1.0
          ]
        ]
      }
    }
  ],
  "rgb_file": "rgbd/val/pepper/pepper_frame_0036_rgb.png",
  "depth_file": "rgbd/val/pepper/pepper_frame_0036.npz"
}
