{
  "frame_name": "pepper_frame_0026",
  "crop": "pepper",
  "class_id": 2,
  "class_label": "pepper",
  "annotation_schema": "decision_gt_v1",
  "primary_target_id": 1,
  "targets": [
    {
      "target_id": 1,
      "picking_point": [
        363,
        268
      ],
      "approach_angle_deg": -101.56013079421777,
      "camera_pose": {
        "position_m": [
          0.024202751518814195,
          0.0102273806888562,
          0.4680941253900528
        ],
        "orientation_rpy_deg": [
          0.0,
          0.0,
          -101.56013079421777
        ],
        "rotation_matrix": [
          [
            -0.20039623614870658,
            0.9797149322825655,
            -0.0
          ],
          [
            -0.9797149322825655,
            -0.20039623614870658,
            0.0
          ],
          [
            -0.0,
            0.0,
            1.0
          ]
        ]
      }
    },
    {
      "target_id": 2,
      "picking_point": [
        379,
        184
      ],
      "approach_angle_deg": -126.86989764584402,
      "camera_pose": {
        "position_m": [
          0.047854162117374775,
          -0.07174342758194954,
          0.612000048160553
        ],
        "orientation_rpy_deg": [
          0.0,
          0.0,
          -126.86989764584402
        ],
        "rotation_matrix": [
          [
            -0.5999999999999999,
            0.8000000000000002,
            -0.0
          ],
          [
            -0.8000000000000002,
            -0.5999999999999999,
            0.0
          ],
          [
            -0.0,
            0.0,
            1.0
          ]
        ]
      }
    },
    {
      "target_id": 3,
      "picking_point": [
        347,
        305
      ],
      "approach_angle_deg": -111.54097591853845,
      "camera_pose": {
        "position_m": [
          0.012053580493546512,
          0.03972610366398415,
          0.4780000150203705
        ],
        "orientation_rpy_deg": [
          0.0,
          0.0,
          -111.54097591853845
        ],
        "rotation_matrix": [
          [
            -0.36716653473604854,
            0.9301552213313228,
            -0.0
          ],
          [
            -0.9301552213313228,
            -0.36716653473604854,
            0.0
          ],
          [
            -0.0,
            0.0,
            1.0
          ]
        ]
      }
    },
    {
      "target_id": 4,
      "picking_point": [
        130,
        53
      ],
      "approach_angle_deg": -111.37062226934319,
      "camera_pose": {
        "position_m": [
          -0.09720254200200412,
          -0.0972293272530853,
          0.29100000858306885
        ],
        "orientation_rpy_deg": [
          0.0,
          0.0,
          -111.37062226934319
        ],
        "rotation_matrix": [
          [
            -0.36439934858051215,
            0.9312427797057534,
            -0.0
          ],
          [
            -0.9312427797057534,
            -0.36439934858051215,
            0.0
          ],
          [
            -0.0,
            0.0,
            1.0
          ]
        ]
      }
    },
    {
      "target_id": 5,
      "picking_point": [
        393,
        351
      ],
      "approach_angle_deg": -110.55604521958347,
      "camera_pose": {
        "position_m": [
          0.05808514491212742,
          0.09126177173663587,
          0.5730000138282776
        ],
        "orientation_rpy_deg": [
          0.0,
          0.0,
          -110.55604521958347
        ],
        "rotation_matrix": [
          [
            -0.3511234415883916,
            0.9363291775690445,
            -0.0
          ],
          [
            -0.9363291775690445,
            -0.3511234415883916,
            0.0
          ],
          [
            -0.0,
            0.0,
            1.0
          ]
        ]
      }
    }
  ],
  "rgb_file": "rgbd/val/pepper/pepper_frame_0026_rgb.png",
  "depth_file": "rgbd/val/pepper/pepper_frame_0026.npz"
}
