{
  "frame_name": "pepper_frame_0017",
  "crop": "pepper",
  "class_id": 2,
  "class_label": "pepper",
  "annotation_schema": "decision_gt_v1",
  "primary_target_id": 1,
  "targets": [
    {
      "target_id": 1,
      "picking_point": [
        263,
        424
      ],
      "approach_angle_deg": -72.64597536373867,
      "camera_pose": {
        "position_m": [
          -0.05612622345932204,
          0.13810629883501452,
          0.4930000305175781
        ],
        "orientation_rpy_deg": [
          0.0,
          0.0,
          -72.64597536373867
        ],
        "rotation_matrix": [
          [
            0.29827499313594685,
            0.9544799780350297,
            0.0
          ],
          [
            -0.9544799780350297,
            0.29827499313594685,
            -0.0
          ],
          [
            -0.0,
            0.0,
            1.0
          ]
        ]
      }
    },
    {
      "target_id": 2,
      "picking_point": [
        159,
        430
      ],
      "approach_angle_deg": -92.72631099390628,
      "camera_pose": {
        "position_m": [
          -0.12985286261469706,
          0.13169111560531838,
          0.4540000259876251
        ],
        "orientation_rpy_deg": [
          0.0,
          0.0,
          -92.72631099390628
        ],
        "rotation_matrix": [
          [
            -0.04756514941544974,
            0.9988681377244375,
            -0.0
          ],
          [
            -0.9988681377244375,
            -0.04756514941544974,
            0.0
          ],
          [
            -0.0,
            0.0,
            1.0
          ]
        ]
      }
    },
    {
      "target_id": 3,
      "picking_point": [
        135,
        246
      ],
      "approach_angle_deg": -87.87890360333854,
      "camera_pose": {
        "position_m": [
          -0.17004243690178006,
          -0.007608615915987287,
          0.5220000147819519
        ],
        "orientation_rpy_deg": [
          0.0,
          0.0,
          -87.87890360333854
        ],
        "rotation_matrix": [
          [
            0.037011660509880355,
            0.9993148337667671,
            0.0
          ],
          [
            -0.9993148337667671,
            0.037011660509880355,
            -0.0
          ],
          [
            -0.0,
            0.0,
            1.0
          ]
        ]
      }
    },
    {
      "target_id": 4,
      "picking_point": [
        182,
        208
      ],
      "approach_angle_deg": -78.69006752597979,
      "camera_pose": {
        "position_m": [
          -0.16389015161126008,
          -0.05122193934997583,
          0.6610000133514404
        ],
        "orientation_rpy_deg": [
          0.0,
          0.0,
          -78.69006752597979
        ],
        "rotation_matrix": [
          [
            0.196116135138184,
            0.9805806756909202,
            0.0
          ],
          [
            -0.9805806756909202,
            0.196116135138184,
            -0.0
          ],
          [
            -0.0,
            0.0,
            1.0
          ]
        ]
      }
    },
    {
      "target_id": 5,
      "picking_point": [
        107,
        186
      ],
      "approach_angle_deg": -53.13010235415598,
      "camera_pose": {
        "position_m": [
          -0.19461149791717158,
          -0.059578309485335955,
          0.5230000019073486
        ],
        "orientation_rpy_deg": [
          0.0,
          0.0,
          -53.13010235415598
        ],
        "rotation_matrix": [
          [
            0.6000000000000001,
            0.7999999999999999,
            0.0
          ],
          [
            -0.7999999999999999,
            0.6000000000000001,
            -0.0
          ],
          [
            -0.0,
            0.0,
            1.0
          ]
        ]
      }
    },
    {
      "target_id": 6,
      "picking_point": [
        314,
        99
      ],
      "approach_angle_deg": -94.08561677997488,
      "camera_pose": {
        "position_m": [
          -0.01126601874491464,
          -0.09879879395404632,
          0.3830000162124634
        ],
        "orientation_rpy_deg": [
          0.0,
          0.0,
          -94.08561677997488
        ],
        "rotation_matrix": [
          [
            -0.07124704998790975,
            0.997458699830735,
            -0.0
          ],
          [
            -0.997458699830735,
            -0.07124704998790975,
            0.0
          ],
          [
            -0.0,
            0.0,
            1.0
          ]
        ]
      }
    },
    {
      "target_id": 7,
      "picking_point": [
        428,
        169
      ],
      "approach_angle_deg": -82.40535663140857,
      "camera_pose": {
        "position_m": [
          0.08124971065328276,
          -0.07245211462866849,
          0.5100000500679016
        ],
        "orientation_rpy_deg": [
          0.0,
          0.0,
          -82.40535663140857
        ],
        "rotation_matrix": [
          [
            0.1321637200910177,
            0.9912279006826347,
            0.0
          ],
          [
            -0.9912279006826347,
            0.1321637200910177,
            -0.0
          ],
          [
            -0.0,
            0.0,
            1.0
          ]
        ]
      }
    },
    {
      "target_id": 8,
      "picking_point": [
        405,
        362
      ],
      "approach_angle_deg": -90.0,
      "camera_pose": {
        "position_m": [
          0.06170931446667778,
          0.09033861425669182,
          0.5090000033378601
        ],
        "orientation_rpy_deg": [
          0.0,
          0.0,
          -90.0
        ],
        "rotation_matrix": [
          [
            6.123233995736766e-17,
            1.0,
            0.0
          ],
          [
            -1.0,
            6.123233995736766e-17,
            -0.0
          ],
          [
            -0.0,
            0.0,
            1.0
          ]
        ]
      }
    }
  ],
  "rgb_file": "rgbd/val/pepper/pepper_frame_0017_rgb.png",
  "depth_file": "rgbd/val/pepper/pepper_frame_0017.npz"
}
