{
  "frame_name": "pepper_frame_0048",
  "crop": "pepper",
  "class_id": 2,
  "class_label": "pepper",
  "annotation_schema": "decision_gt_v1",
  "primary_target_id": 1,
  "targets": [
    {
      "target_id": 1,
      "picking_point": [
        430,
        93
      ],
      "approach_angle_deg": -72.89727103094764,
      "camera_pose": {
        "position_m": [
          0.05731038045896449,
          -0.0944086425597258,
          0.3524099886417389
        ],
        "orientation_rpy_deg": [
          0.0,
          0.0,
          -72.89727103094764
        ],
        "rotation_matrix": [
          [
            0.2940858488375229,
            0.9557790087219501,
            0.0
          ],
          [
            -0.9557790087219501,
            0.2940858488375229,
            -0.0
          ],
          [
            -0.0,
            0.0,
            1.0
          ]
        ]
      }
    },
    {
      "target_id": 2,
      "picking_point": [
        465,
        218
      ],
      "approach_angle_deg": -82.8749836510982,
      "camera_pose": {
        "position_m": [
          0.19696860847505568,
          -0.054415408794485164,
          0.8930100202560425
        ],
        "orientation_rpy_deg": [
          0.0,
          0.0,
          -82.8749836510982
        ],
        "rotation_matrix": [
          [
            0.12403473458920833,
            0.9922778767136676,
            0.0
          ],
          [
            -0.9922778767136676,
            0.12403473458920833,
            -0.0
          ],
          [
            -0.0,
            0.0,
            1.0
          ]
        ]
      }
    },
    {
      "target_id": 3,
      "picking_point": [
        424,
        361
      ],
      "approach_angle_deg": -79.11447294534128,
      "camera_pose": {
        "position_m": [
          0.07105861960948848,
          0.08182542858816046,
          0.46537500619888306
        ],
        "orientation_rpy_deg": [
          0.0,
          0.0,
          -79.11447294534128
        ],
        "rotation_matrix": [
          [
            0.18884739365012418,
            0.9820064469806474,
            0.0
          ],
          [
            -0.9820064469806474,
            0.18884739365012418,
            -0.0
          ],
          [
            -0.0,
            0.0,
            1.0
          ]
        ]
      }
    },
    {
      "target_id": 4,
      "picking_point": [
        326,
        234
      ],
      "approach_angle_deg": -72.71850162818336,
      "camera_pose": {
        "position_m": [
          -0.0030340200336779134,
          -0.010943894349293895,
          0.31773000955581665
        ],
        "orientation_rpy_deg": [
          0.0,
          0.0,
          -72.71850162818336
        ],
        "rotation_matrix": [
          [
            0.29706655263624404,
            0.9548567763307845,
            0.0
          ],
          [
            -0.9548567763307845,
            0.29706655263624404,
            -0.0
          ],
          [
            -0.0,
            0.0,
            1.0
          ]
        ]
      }
    }
  ],
  "rgb_file": "rgbd/val/pepper/pepper_frame_0048_rgb.png",
  "depth_file": "rgbd/val/pepper/pepper_frame_0048.npz"
}
