{
  "frame_name": "pepper_frame_0004",
  "crop": "pepper",
  "class_id": 2,
  "class_label": "pepper",
  "annotation_schema": "decision_gt_v1",
  "primary_target_id": 1,
  "targets": [
    {
      "target_id": 1,
      "picking_point": [
        477,
        291
      ],
      "approach_angle_deg": -105.06848815949222,
      "camera_pose": {
        "position_m": [
          0.11516751805207548,
          0.028706249050372,
          0.4790000319480896
        ],
        "orientation_rpy_deg": [
          0.0,
          0.0,
          -105.06848815949222
        ],
        "rotation_matrix": [
          [
            -0.25997347344787286,
            0.9656157585206696,
            -0.0
          ],
          [
            -0.9656157585206696,
            -0.25997347344787286,
            0.0
          ],
          [
            -0.0,
            0.0,
            1.0
          ]
        ]
      }
    },
    {
      "target_id": 2,
      "picking_point": [
        496,
        113
      ],
      "approach_angle_deg": -93.94518622903756,
      "camera_pose": {
        "position_m": [
          0.1337688692429968,
          -0.115512166862472,
          0.492000013589859
        ],
        "orientation_rpy_deg": [
          0.0,
          0.0,
          -93.94518622903756
        ],
        "rotation_matrix": [
          [
            -0.06880209161537808,
            0.997630328422983,
            -0.0
          ],
          [
            -0.997630328422983,
            -0.06880209161537808,
            0.0
          ],
          [
            -0.0,
            0.0,
            1.0
          ]
        ]
      }
    },
    {
      "target_id": 3,
      "picking_point": [
        380,
        54
      ],
      "approach_angle_deg": -85.91438322002513,
      "camera_pose": {
        "position_m": [
          0.03305731523477769,
          -0.13764081679808146,
          0.4140000343322754
        ],
        "orientation_rpy_deg": [
          0.0,
          0.0,
          -85.91438322002513
        ],
        "rotation_matrix": [
          [
            0.07124704998790964,
            0.997458699830735,
            0.0
          ],
          [
            -0.997458699830735,
            0.07124704998790964,
            -0.0
          ],
          [
            -0.0,
            0.0,
            1.0
          ]
        ]
      }
    },
    {
      "target_id": 4,
      "picking_point": [
        279,
        165
      ],
      "approach_angle_deg": -74.29136217098426,
      "camera_pose": {
        "position_m": [
          -0.05949087135290607,
          -0.10125494282892146,
          0.6810000538825989
        ],
        "orientation_rpy_deg": [
          0.0,
          0.0,
          -74.29136217098426
        ],
        "rotation_matrix": [
          [
            0.2707455769182841,
            0.962650940153899,
            0.0
          ],
          [
            -0.962650940153899,
            0.2707455769182841,
            -0.0
          ],
          [
            -0.0,
            0.0,
            1.0
          ]
        ]
      }
    },
    {
      "target_id": 5,
      "picking_point": [
        220,
        149
      ],
      "approach_angle_deg": -68.83874018317172,
      "camera_pose": {
        "position_m": [
          -0.12249204982759401,
          -0.115966839602877,
          0.6620000600814819
        ],
        "orientation_rpy_deg": [
          0.0,
          0.0,
          -68.83874018317172
        ],
        "rotation_matrix": [
          [
            0.360994102557712,
            0.9325680982740896,
            0.0
          ],
          [
            -0.9325680982740896,
            0.360994102557712,
            -0.0
          ],
          [
            -0.0,
            0.0,
            1.0
          ]
        ]
      }
    },
    {
      "target_id": 6,
      "picking_point": [
        237,
        201
      ],
      "approach_angle_deg": -81.02737338510362,
      "camera_pose": {
        "position_m": [
          -0.09836977962280169,
          -0.055853990043527,
          0.6270000338554382
        ],
        "orientation_rpy_deg": [
          0.0,
          0.0,
          -81.02737338510362
        ],
        "rotation_matrix": [
          [
            0.15596257347301082,
            0.987762965329069,
            0.0
          ],
          [
            -0.987762965329069,
            0.15596257347301082,
            -0.0
          ],
          [
            -0.0,
            0.0,
            1.0
          ]
        ]
      }
    },
    {
      "target_id": 7,
      "picking_point": [
        263,
        342
      ],
      "approach_angle_deg": -90.0,
      "camera_pose": {
        "position_m": [
          -0.0721330110801204,
          0.09147221394355144,
          0.6336000263690948
        ],
        "orientation_rpy_deg": [
          0.0,
          0.0,
          -90.0
        ],
        "rotation_matrix": [
          [
            6.123233995736766e-17,
            1.0,
            0.0
          ],
          [
            -1.0,
            6.123233995736766e-17,
            -0.0
          ],
          [
            -0.0,
            0.0,
            1.0
          ]
        ]
      }
    },
    {
      "target_id": 8,
      "picking_point": [
        340,
        339
      ],
      "approach_angle_deg": -74.74488129694222,
      "camera_pose": {
        "position_m": [
          0.00817686806525721,
          0.0836411973628045,
          0.6000000238418579
        ],
        "orientation_rpy_deg": [
          0.0,
          0.0,
          -74.74488129694222
        ],
        "rotation_matrix": [
          [
            0.26311740579210874,
            0.9647638212377322,
            0.0
          ],
          [
            -0.9647638212377322,
            0.26311740579210874,
            -0.0
          ],
          [
            -0.0,
            0.0,
            1.0
          ]
        ]
      }
    },
    {
      "target_id": 9,
      "picking_point": [
        415,
        455
      ],
      "approach_angle_deg": -91.73570458892839,
      "camera_pose": {
        "position_m": [
          0.07923011355219539,
          0.19058975948569815,
          0.5750000476837158
        ],
        "orientation_rpy_deg": [
          0.0,
          0.0,
          -91.73570458892839
        ],
        "rotation_matrix": [
          [
            -0.030289126640769114,
            0.9995411791453814,
            -0.0
          ],
          [
            -0.9995411791453814,
            -0.030289126640769114,
            0.0
          ],
          [
            -0.0,
            0.0,
            1.0
          ]
        ]
      }
    }
  ],
  "rgb_file": "rgbd/val/pepper/pepper_frame_0004_rgb.png",
  "depth_file": "rgbd/val/pepper/pepper_frame_0004.npz"
}
