{
  "frame_name": "pepper_frame_0040",
  "crop": "pepper",
  "class_id": 2,
  "class_label": "pepper",
  "annotation_schema": "decision_gt_v1",
  "primary_target_id": 1,
  "targets": [
    {
      "target_id": 1,
      "picking_point": [
        499,
        375
      ],
      "approach_angle_deg": -96.11550356628541,
      "camera_pose": {
        "position_m": [
          0.13676611464827648,
          0.09830913130502984,
          0.49400001764297485
        ],
        "orientation_rpy_deg": [
          0.0,
          0.0,
          -96.11550356628541
        ],
        "rotation_matrix": [
          [
            -0.10653312363426529,
            0.994309153919809,
            -0.0
          ],
          [
            -0.994309153919809,
            -0.10653312363426529,
            0.0
          ],
          [
            -0.0,
            0.0,
            1.0
          ]
        ]
      }
    },
    {
      "target_id": 2,
      "picking_point": [
        556,
        163
      ],
      "approach_angle_deg": -113.62937773065681,
      "camera_pose": {
        "position_m": [
          0.17670007676260172,
          -0.07235057977425015,
          0.47600001096725464
        ],
        "orientation_rpy_deg": [
          0.0,
          0.0,
          -113.62937773065681
        ],
        "rotation_matrix": [
          [
            -0.40081883401970764,
            0.9161573349021892,
            -0.0
          ],
          [
            -0.9161573349021892,
            -0.40081883401970764,
            0.0
          ],
          [
            -0.0,
            0.0,
            1.0
          ]
        ]
      }
    },
    {
      "target_id": 3,
      "picking_point": [
        435,
        269
      ],
      "approach_angle_deg": -87.13759477388825,
      "camera_pose": {
        "position_m": [
          0.07160782757770695,
          0.009848452970155755,
          0.4190000295639038
        ],
        "orientation_rpy_deg": [
          0.0,
          0.0,
          -87.13759477388825
        ],
        "rotation_matrix": [
          [
            0.04993761694389225,
            0.9987523388778446,
            0.0
          ],
          [
            -0.9987523388778446,
            0.04993761694389225,
            -0.0
          ],
          [
            -0.0,
            0.0,
            1.0
          ]
        ]
      }
    },
    {
      "target_id": 4,
      "picking_point": [
        345,
        305
      ],
      "approach_angle_deg": -103.3924977537511,
      "camera_pose": {
        "position_m": [
          0.008017476312389818,
          0.030417896517698943,
          0.3660000264644623
        ],
        "orientation_rpy_deg": [
          0.0,
          0.0,
          -103.3924977537511
        ],
        "rotation_matrix": [
          [
            -0.2316205273060397,
            0.9728062146853669,
            -0.0
          ],
          [
            -0.9728062146853669,
            -0.2316205273060397,
            0.0
          ],
          [
            -0.0,
            0.0,
            1.0
          ]
        ]
      }
    },
    {
      "target_id": 5,
      "picking_point": [
        227,
        80
      ],
      "approach_angle_deg": -86.98721249581666,
      "camera_pose": {
        "position_m": [
          -0.066059410242392,
          -0.11022988998178529,
          0.3808672547340393
        ],
        "orientation_rpy_deg": [
          0.0,
          0.0,
          -86.98721249581666
        ],
        "rotation_matrix": [
          [
            0.05255883312276374,
            0.9986178293325098,
            0.0
          ],
          [
            -0.9986178293325098,
            0.05255883312276374,
            -0.0
          ],
          [
            -0.0,
            0.0,
            1.0
          ]
        ]
      }
    },
    {
      "target_id": 6,
      "picking_point": [
        230,
        113
      ],
      "approach_angle_deg": -91.97493401088198,
      "camera_pose": {
        "position_m": [
          -0.06750920736371228,
          -0.09407667894422796,
          0.40070001780986786
        ],
        "orientation_rpy_deg": [
          0.0,
          0.0,
          -91.97493401088198
        ],
        "rotation_matrix": [
          [
            -0.034462275839778976,
            0.9994059993535875,
            -0.0
          ],
          [
            -0.9994059993535875,
            -0.034462275839778976,
            0.0
          ],
          [
            -0.0,
            0.0,
            1.0
          ]
        ]
      }
    }
  ],
  "rgb_file": "rgbd/val/pepper/pepper_frame_0040_rgb.png",
  "depth_file": "rgbd/val/pepper/pepper_frame_0040.npz"
}
