{
  "frame_name": "pepper_frame_0009",
  "crop": "pepper",
  "class_id": 2,
  "class_label": "pepper",
  "annotation_schema": "decision_gt_v1",
  "primary_target_id": 1,
  "targets": [
    {
      "target_id": 1,
      "picking_point": [
        380,
        454
      ],
      "approach_angle_deg": -76.50426671920418,
      "camera_pose": {
        "position_m": [
          0.04471520549544816,
          0.18469065946429114,
          0.5600000023841858
        ],
        "orientation_rpy_deg": [
          0.0,
          0.0,
          -76.50426671920418
        ],
        "rotation_matrix": [
          [
            0.2333729524753243,
            0.9723873019805175,
            0.0
          ],
          [
            -0.9723873019805175,
            0.2333729524753243,
            -0.0
          ],
          [
            -0.0,
            0.0,
            1.0
          ]
        ]
      }
    },
    {
      "target_id": 2,
      "picking_point": [
        449,
        284
      ],
      "approach_angle_deg": -99.46232220802563,
      "camera_pose": {
        "position_m": [
          0.1044144510157487,
          0.026006815575280184,
          0.5380000472068787
        ],
        "orientation_rpy_deg": [
          0.0,
          0.0,
          -99.46232220802563
        ],
        "rotation_matrix": [
          [
            -0.1643989873053573,
            0.9863939238321437,
            -0.0
          ],
          [
            -0.9863939238321437,
            -0.1643989873053573,
            0.0
          ],
          [
            -0.0,
            0.0,
            1.0
          ]
        ]
      }
    },
    {
      "target_id": 3,
      "picking_point": [
        475,
        100
      ],
      "approach_angle_deg": -90.0,
      "camera_pose": {
        "position_m": [
          0.10860197220596328,
          -0.11738752032809523,
          0.4580000340938568
        ],
        "orientation_rpy_deg": [
          0.0,
          0.0,
          -90.0
        ],
        "rotation_matrix": [
          [
            6.123233995736766e-17,
            1.0,
            0.0
          ],
          [
            -1.0,
            6.123233995736766e-17,
            -0.0
          ],
          [
            -0.0,
            0.0,
            1.0
          ]
        ]
      }
    },
    {
      "target_id": 4,
      "picking_point": [
        248,
        150
      ],
      "approach_angle_deg": -66.03751102542182,
      "camera_pose": {
        "position_m": [
          -0.08251398725165726,
          -0.10324488264058138,
          0.5950000286102295
        ],
        "orientation_rpy_deg": [
          0.0,
          0.0,
          -66.03751102542182
        ],
        "rotation_matrix": [
          [
            0.40613846605344756,
            0.9138115486202572,
            0.0
          ],
          [
            -0.9138115486202572,
            0.40613846605344756,
            -0.0
          ],
          [
            -0.0,
            0.0,
            1.0
          ]
        ]
      }
    },
    {
      "target_id": 5,
      "picking_point": [
        178,
        129
      ],
      "approach_angle_deg": -68.83874018317172,
      "camera_pose": {
        "position_m": [
          -0.15324801375566596,
          -0.1253905932375073,
          0.6020000576972961
        ],
        "orientation_rpy_deg": [
          0.0,
          0.0,
          -68.83874018317172
        ],
        "rotation_matrix": [
          [
            0.360994102557712,
            0.9325680982740896,
            0.0
          ],
          [
            -0.9325680982740896,
            0.360994102557712,
            -0.0
          ],
          [
            -0.0,
            0.0,
            1.0
          ]
        ]
      }
    },
    {
      "target_id": 6,
      "picking_point": [
        203,
        177
      ],
      "approach_angle_deg": -72.89727103094764,
      "camera_pose": {
        "position_m": [
          -0.12385583759636531,
          -0.07484299849721457,
          0.581000030040741
        ],
        "orientation_rpy_deg": [
          0.0,
          0.0,
          -72.89727103094764
        ],
        "rotation_matrix": [
          [
            0.2940858488375229,
            0.9557790087219501,
            0.0
          ],
          [
            -0.9557790087219501,
            0.2940858488375229,
            -0.0
          ],
          [
            -0.0,
            0.0,
            1.0
          ]
        ]
      }
    },
    {
      "target_id": 7,
      "picking_point": [
        221,
        337
      ],
      "approach_angle_deg": -84.19327309446842,
      "camera_pose": {
        "position_m": [
          -0.11233723507759137,
          0.08336913019452702,
          0.612600040435791
        ],
        "orientation_rpy_deg": [
          0.0,
          0.0,
          -84.19327309446842
        ],
        "rotation_matrix": [
          [
            0.10117310209735167,
            0.9948688372906244,
            0.0
          ],
          [
            -0.9948688372906244,
            0.10117310209735167,
            -0.0
          ],
          [
            -0.0,
            0.0,
            1.0
          ]
        ]
      }
    },
    {
      "target_id": 8,
      "picking_point": [
        313,
        335
      ],
      "approach_angle_deg": -74.29136217098426,
      "camera_pose": {
        "position_m": [
          -0.017511448696952356,
          0.07483440735861652,
          0.5636000156402587
        ],
        "orientation_rpy_deg": [
          0.0,
          0.0,
          -74.29136217098426
        ],
        "rotation_matrix": [
          [
            0.2707455769182841,
            0.962650940153899,
            0.0
          ],
          [
            -0.962650940153899,
            0.2707455769182841,
            -0.0
          ],
          [
            -0.0,
            0.0,
            1.0
          ]
        ]
      }
    }
  ],
  "rgb_file": "rgbd/val/pepper/pepper_frame_0009_rgb.png",
  "depth_file": "rgbd/val/pepper/pepper_frame_0009.npz"
}
