{
  "frame_name": "pepper_frame_0042",
  "crop": "pepper",
  "class_id": 2,
  "class_label": "pepper",
  "annotation_schema": "decision_gt_v1",
  "primary_target_id": 1,
  "targets": [
    {
      "target_id": 1,
      "picking_point": [
        286,
        235
      ],
      "approach_angle_deg": -108.43494882292202,
      "camera_pose": {
        "position_m": [
          -0.026216254732119307,
          -0.01134476263628964,
          0.3460000157356262
        ],
        "orientation_rpy_deg": [
          0.0,
          0.0,
          -108.43494882292202
        ],
        "rotation_matrix": [
          [
            -0.31622776601683805,
            0.9486832980505138,
            -0.0
          ],
          [
            -0.9486832980505138,
            -0.31622776601683805,
            0.0
          ],
          [
            -0.0,
            0.0,
            1.0
          ]
        ]
      }
    },
    {
      "target_id": 2,
      "picking_point": [
        394,
        204
      ],
      "approach_angle_deg": -94.96974072811031,
      "camera_pose": {
        "position_m": [
          0.039973990123564514,
          -0.03263634570179265,
          0.3880000114440918
        ],
        "orientation_rpy_deg": [
          0.0,
          0.0,
          -94.96974072811031
        ],
        "rotation_matrix": [
          [
            -0.08662961636484205,
            0.996240588195683,
            -0.0
          ],
          [
            -0.996240588195683,
            -0.08662961636484205,
            0.0
          ],
          [
            -0.0,
            0.0,
            1.0
          ]
        ]
      }
    },
    {
      "target_id": 3,
      "picking_point": [
        173,
        73
      ],
      "approach_angle_deg": -92.48955292199916,
      "camera_pose": {
        "position_m": [
          -0.1064511562537089,
          -0.12190819529602992,
          0.4050000309944153
        ],
        "orientation_rpy_deg": [
          0.0,
          0.0,
          -92.48955292199916
        ],
        "rotation_matrix": [
          [
            -0.04343722427630694,
            0.9990561583550596,
            -0.0
          ],
          [
            -0.9990561583550596,
            -0.04343722427630694,
            0.0
          ],
          [
            -0.0,
            0.0,
            1.0
          ]
        ]
      }
    },
    {
      "target_id": 4,
      "picking_point": [
        520,
        92
      ],
      "approach_angle_deg": -130.0302592718897,
      "camera_pose": {
        "position_m": [
          0.1417872036888144,
          -0.12264526248917665,
          0.4550000131130218
        ],
        "orientation_rpy_deg": [
          0.0,
          0.0,
          -130.0302592718897
        ],
        "rotation_matrix": [
          [
            -0.6431920864232733,
            0.7657048647896111,
            -0.0
          ],
          [
            -0.7657048647896111,
            -0.6431920864232733,
            0.0
          ],
          [
            -0.0,
            0.0,
            1.0
          ]
        ]
      }
    },
    {
      "target_id": 5,
      "picking_point": [
        494,
        331
      ],
      "approach_angle_deg": -100.78429786756261,
      "camera_pose": {
        "position_m": [
          0.11709953999845275,
          0.05500427168378654,
          0.4360000193119049
        ],
        "orientation_rpy_deg": [
          0.0,
          0.0,
          -100.78429786756261
        ],
        "rotation_matrix": [
          [
            -0.18711210788999547,
            0.9823385664224746,
            -0.0
          ],
          [
            -0.9823385664224746,
            -0.18711210788999547,
            0.0
          ],
          [
            -0.0,
            0.0,
            1.0
          ]
        ]
      }
    }
  ],
  "rgb_file": "rgbd/val/pepper/pepper_frame_0042_rgb.png",
  "depth_file": "rgbd/val/pepper/pepper_frame_0042.npz"
}
