{
  "frame_name": "pepper_frame_0012",
  "crop": "pepper",
  "class_id": 2,
  "class_label": "pepper",
  "annotation_schema": "decision_gt_v1",
  "primary_target_id": 1,
  "targets": [
    {
      "target_id": 1,
      "picking_point": [
        280,
        366
      ],
      "approach_angle_deg": -70.97439396243132,
      "camera_pose": {
        "position_m": [
          -0.043965429189842725,
          0.09444599340309733,
          0.5130000114440918
        ],
        "orientation_rpy_deg": [
          0.0,
          0.0,
          -70.97439396243132
        ],
        "rotation_matrix": [
          [
            0.3259906833194042,
            0.9453729816262721,
            0.0
          ],
          [
            -0.9453729816262721,
            0.3259906833194042,
            -0.0
          ],
          [
            -0.0,
            0.0,
            1.0
          ]
        ]
      }
    },
    {
      "target_id": 2,
      "picking_point": [
        187,
        364
      ],
      "approach_angle_deg": -90.0,
      "camera_pose": {
        "position_m": [
          -0.1366091635775736,
          0.10305252899789512,
          0.5700000524520874
        ],
        "orientation_rpy_deg": [
          0.0,
          0.0,
          -90.0
        ],
        "rotation_matrix": [
          [
            6.123233995736766e-17,
            1.0,
            0.0
          ],
          [
            -1.0,
            6.123233995736766e-17,
            -0.0
          ],
          [
            -0.0,
            0.0,
            1.0
          ]
        ]
      }
    },
    {
      "target_id": 3,
      "picking_point": [
        158,
        197
      ],
      "approach_angle_deg": -85.23635830927383,
      "camera_pose": {
        "position_m": [
          -0.15620754617104188,
          -0.051967288895132045,
          0.5430000424385071
        ],
        "orientation_rpy_deg": [
          0.0,
          0.0,
          -85.23635830927383
        ],
        "rotation_matrix": [
          [
            0.08304547985374004,
            0.9965457582448796,
            0.0
          ],
          [
            -0.9965457582448796,
            0.08304547985374004,
            -0.0
          ],
          [
            -0.0,
            0.0,
            1.0
          ]
        ]
      }
    },
    {
      "target_id": 4,
      "picking_point": [
        130,
        142
      ],
      "approach_angle_deg": -68.83874018317172,
      "camera_pose": {
        "position_m": [
          -0.1867224084524471,
          -0.1044023153799215,
          0.5590000152587891
        ],
        "orientation_rpy_deg": [
          0.0,
          0.0,
          -68.83874018317172
        ],
        "rotation_matrix": [
          [
            0.360994102557712,
            0.9325680982740896,
            0.0
          ],
          [
            -0.9325680982740896,
            0.360994102557712,
            -0.0
          ],
          [
            -0.0,
            0.0,
            1.0
          ]
        ]
      }
    },
    {
      "target_id": 5,
      "picking_point": [
        335,
        39
      ],
      "approach_angle_deg": -85.23635830927383,
      "camera_pose": {
        "position_m": [
          0.0019476019216563062,
          -0.1300575195113795,
          0.36400002241134644
        ],
        "orientation_rpy_deg": [
          0.0,
          0.0,
          -85.23635830927383
        ],
        "rotation_matrix": [
          [
            0.08304547985374004,
            0.9965457582448796,
            0.0
          ],
          [
            -0.9965457582448796,
            0.08304547985374004,
            -0.0
          ],
          [
            -0.0,
            0.0,
            1.0
          ]
        ]
      }
    },
    {
      "target_id": 6,
      "picking_point": [
        450,
        121
      ],
      "approach_angle_deg": -84.47245984834383,
      "camera_pose": {
        "position_m": [
          0.08553593401817643,
          -0.09681097614176093,
          0.43700000643730164
        ],
        "orientation_rpy_deg": [
          0.0,
          0.0,
          -84.47245984834383
        ],
        "rotation_matrix": [
          [
            0.09632419486019031,
            0.9953500135553001,
            0.0
          ],
          [
            -0.9953500135553001,
            0.09632419486019031,
            -0.0
          ],
          [
            -0.0,
            0.0,
            1.0
          ]
        ]
      }
    },
    {
      "target_id": 7,
      "picking_point": [
        424,
        313
      ],
      "approach_angle_deg": -94.57392125990086,
      "camera_pose": {
        "position_m": [
          0.07833053384326003,
          0.04942981347993913,
          0.5130000114440918
        ],
        "orientation_rpy_deg": [
          0.0,
          0.0,
          -94.57392125990086
        ],
        "rotation_matrix": [
          [
            -0.07974522228288994,
            0.996815278536125,
            -0.0
          ],
          [
            -0.996815278536125,
            -0.07974522228288994,
            0.0
          ],
          [
            -0.0,
            0.0,
            1.0
          ]
        ]
      }
    },
    {
      "target_id": 8,
      "picking_point": [
        206,
        165
      ],
      "approach_angle_deg": -69.67686317033707,
      "camera_pose": {
        "position_m": [
          -0.14199953878280677,
          -0.10140362657517732,
          0.6820000410079956
        ],
        "orientation_rpy_deg": [
          0.0,
          0.0,
          -69.67686317033707
        ],
        "rotation_matrix": [
          [
            0.34731435582359366,
            0.9377487607237037,
            0.0
          ],
          [
            -0.9377487607237037,
            0.34731435582359366,
            -0.0
          ],
          [
            -0.0,
            0.0,
            1.0
          ]
        ]
      }
    }
  ],
  "rgb_file": "rgbd/val/pepper/pepper_frame_0012_rgb.png",
  "depth_file": "rgbd/val/pepper/pepper_frame_0012.npz"
}
