{
  "frame_name": "pepper_frame_0046",
  "crop": "pepper",
  "class_id": 2,
  "class_label": "pepper",
  "annotation_schema": "decision_gt_v1",
  "primary_target_id": 1,
  "targets": [
    {
      "target_id": 1,
      "picking_point": [
        145,
        122
      ],
      "approach_angle_deg": -98.84181456019168,
      "camera_pose": {
        "position_m": [
          -0.11905617686342314,
          -0.08466469172605827,
          0.3850499987602234
        ],
        "orientation_rpy_deg": [
          0.0,
          0.0,
          -98.84181456019168
        ],
        "rotation_matrix": [
          [
            -0.1537070062818706,
            0.9881164689548824,
            -0.0
          ],
          [
            -0.9881164689548824,
            -0.1537070062818706,
            0.0
          ],
          [
            -0.0,
            0.0,
            1.0
          ]
        ]
      }
    },
    {
      "target_id": 2,
      "picking_point": [
        174,
        52
      ],
      "approach_angle_deg": -90.0,
      "camera_pose": {
        "position_m": [
          -0.13873330317420898,
          -0.17835302642002698,
          0.5311650037765503
        ],
        "orientation_rpy_deg": [
          0.0,
          0.0,
          -90.0
        ],
        "rotation_matrix": [
          [
            6.123233995736766e-17,
            1.0,
            0.0
          ],
          [
            -1.0,
            6.123233995736766e-17,
            -0.0
          ],
          [
            -0.0,
            0.0,
            1.0
          ]
        ]
      }
    },
    {
      "target_id": 3,
      "picking_point": [
        261,
        377
      ],
      "approach_angle_deg": -104.62087398863166,
      "camera_pose": {
        "position_m": [
          -0.06345474488761431,
          0.1095793071958656,
          0.5416200160980225
        ],
        "orientation_rpy_deg": [
          0.0,
          0.0,
          -104.62087398863166
        ],
        "rotation_matrix": [
          [
            -0.2524218971470027,
            0.9676172723968439,
            -0.0
          ],
          [
            -0.9676172723968439,
            -0.2524218971470027,
            0.0
          ],
          [
            -0.0,
            0.0,
            1.0
          ]
        ]
      }
    },
    {
      "target_id": 4,
      "picking_point": [
        349,
        325
      ],
      "approach_angle_deg": -84.8055710922652,
      "camera_pose": {
        "position_m": [
          0.024857198482647606,
          0.10126874939800111,
          0.871334969997406
        ],
        "orientation_rpy_deg": [
          0.0,
          0.0,
          -84.8055710922652
        ],
        "rotation_matrix": [
          [
            0.09053574604251861,
            0.9958932064677039,
            0.0
          ],
          [
            -0.9958932064677039,
            0.09053574604251861,
            -0.0
          ],
          [
            -0.0,
            0.0,
            1.0
          ]
        ]
      }
    },
    {
      "target_id": 5,
      "picking_point": [
        466,
        224
      ],
      "approach_angle_deg": -102.52880770915151,
      "camera_pose": {
        "position_m": [
          0.21669367766812278,
          -0.049731865780659815,
          0.975119948387146
        ],
        "orientation_rpy_deg": [
          0.0,
          0.0,
          -102.52880770915151
        ],
        "rotation_matrix": [
          [
            -0.21693045781865608,
            0.9761870601839528,
            -0.0
          ],
          [
            -0.9761870601839528,
            -0.21693045781865608,
            0.0
          ],
          [
            -0.0,
            0.0,
            1.0
          ]
        ]
      }
    },
    {
      "target_id": 6,
      "picking_point": [
        382,
        415
      ],
      "approach_angle_deg": -94.76364169072617,
      "camera_pose": {
        "position_m": [
          0.08291428241450985,
          0.26445093585105617,
          0.9970499873161316
        ],
        "orientation_rpy_deg": [
          0.0,
          0.0,
          -94.76364169072617
        ],
        "rotation_matrix": [
          [
            -0.08304547985373993,
            0.9965457582448797,
            -0.0
          ],
          [
            -0.9965457582448797,
            -0.08304547985373993,
            0.0
          ],
          [
            -0.0,
            0.0,
            1.0
          ]
        ]
      }
    }
  ],
  "rgb_file": "rgbd/val/pepper/pepper_frame_0046_rgb.png",
  "depth_file": "rgbd/val/pepper/pepper_frame_0046.npz"
}
