{
  "frame_name": "pepper_frame_0034",
  "crop": "pepper",
  "class_id": 2,
  "class_label": "pepper",
  "annotation_schema": "decision_gt_v1",
  "primary_target_id": 1,
  "targets": [
    {
      "target_id": 1,
      "picking_point": [
        442,
        208
      ],
      "approach_angle_deg": -128.45370921670596,
      "camera_pose": {
        "position_m": [
          0.1032895214607639,
          -0.04386024108618707,
          0.5660000443458557
        ],
        "orientation_rpy_deg": [
          0.0,
          0.0,
          -128.45370921670596
        ],
        "rotation_matrix": [
          [
            -0.6218821436015861,
            0.783110847498294,
            -0.0
          ],
          [
            -0.783110847498294,
            -0.6218821436015861,
            0.0
          ],
          [
            -0.0,
            0.0,
            1.0
          ]
        ]
      }
    },
    {
      "target_id": 2,
      "picking_point": [
        247,
        116
      ],
      "approach_angle_deg": -104.03624346792648,
      "camera_pose": {
        "position_m": [
          -0.03339960586775814,
          -0.05469568375924938,
          0.23800000548362732
        ],
        "orientation_rpy_deg": [
          0.0,
          0.0,
          -104.03624346792648
        ],
        "rotation_matrix": [
          [
            -0.242535625036333,
            0.9701425001453319,
            -0.0
          ],
          [
            -0.9701425001453319,
            -0.242535625036333,
            0.0
          ],
          [
            -0.0,
            0.0,
            1.0
          ]
        ]
      }
    },
    {
      "target_id": 3,
      "picking_point": [
        441,
        326
      ],
      "approach_angle_deg": -107.52556837372288,
      "camera_pose": {
        "position_m": [
          0.1034375073422898,
          0.06742633359271619,
          0.5720000267028809
        ],
        "orientation_rpy_deg": [
          0.0,
          0.0,
          -107.52556837372288
        ],
        "rotation_matrix": [
          [
            -0.3011313679370975,
            0.9535826651341416,
            -0.0
          ],
          [
            -0.9535826651341416,
            -0.3011313679370975,
            0.0
          ],
          [
            -0.0,
            0.0,
            1.0
          ]
        ]
      }
    },
    {
      "target_id": 4,
      "picking_point": [
        448,
        399
      ],
      "approach_angle_deg": -116.56505117707799,
      "camera_pose": {
        "position_m": [
          0.08104815295579054,
          0.10055765473721567,
          0.42119702100753775
        ],
        "orientation_rpy_deg": [
          0.0,
          0.0,
          -116.56505117707799
        ],
        "rotation_matrix": [
          [
            -0.4472135954999579,
            0.8944271909999159,
            -0.0
          ],
          [
            -0.8944271909999159,
            -0.4472135954999579,
            0.0
          ],
          [
            -0.0,
            0.0,
            1.0
          ]
        ]
      }
    }
  ],
  "rgb_file": "rgbd/val/pepper/pepper_frame_0034_rgb.png",
  "depth_file": "rgbd/val/pepper/pepper_frame_0034.npz"
}
