{
  "frame_name": "pepper_frame_0016",
  "crop": "pepper",
  "class_id": 2,
  "class_label": "pepper",
  "annotation_schema": "decision_gt_v1",
  "primary_target_id": 1,
  "targets": [
    {
      "target_id": 1,
      "picking_point": [
        181,
        191
      ],
      "approach_angle_deg": -62.52556837372288,
      "camera_pose": {
        "position_m": [
          -0.1317878739156417,
          -0.05577690622896683,
          0.527999997138977
        ],
        "orientation_rpy_deg": [
          0.0,
          0.0,
          -62.52556837372288
        ],
        "rotation_matrix": [
          [
            0.4613527366419893,
            0.8872168012345952,
            0.0
          ],
          [
            -0.8872168012345952,
            0.4613527366419893,
            -0.0
          ],
          [
            -0.0,
            0.0,
            1.0
          ]
        ]
      }
    },
    {
      "target_id": 2,
      "picking_point": [
        315,
        79
      ],
      "approach_angle_deg": -84.55966796899449,
      "camera_pose": {
        "position_m": [
          -0.01054867894304255,
          -0.11060805496017603,
          0.3800000250339508
        ],
        "orientation_rpy_deg": [
          0.0,
          0.0,
          -84.55966796899449
        ],
        "rotation_matrix": [
          [
            0.09480909262799547,
            0.9954954725939522,
            0.0
          ],
          [
            -0.9954954725939522,
            0.09480909262799547,
            -0.0
          ],
          [
            -0.0,
            0.0,
            1.0
          ]
        ]
      }
    },
    {
      "target_id": 3,
      "picking_point": [
        436,
        160
      ],
      "approach_angle_deg": -90.0,
      "camera_pose": {
        "position_m": [
          0.07506240325917497,
          -0.0682793630127647,
          0.4350000321865082
        ],
        "orientation_rpy_deg": [
          0.0,
          0.0,
          -90.0
        ],
        "rotation_matrix": [
          [
            6.123233995736766e-17,
            1.0,
            0.0
          ],
          [
            -1.0,
            6.123233995736766e-17,
            -0.0
          ],
          [
            -0.0,
            0.0,
            1.0
          ]
        ]
      }
    },
    {
      "target_id": 4,
      "picking_point": [
        133,
        232
      ],
      "approach_angle_deg": -74.05460409907715,
      "camera_pose": {
        "position_m": [
          -0.16979642011716697,
          -0.019481766099809117,
          0.5160000324249268
        ],
        "orientation_rpy_deg": [
          0.0,
          0.0,
          -74.05460409907715
        ],
        "rotation_matrix": [
          [
            0.27472112789737796,
            0.9615239476408232,
            0.0
          ],
          [
            -0.9615239476408232,
            0.27472112789737796,
            -0.0
          ],
          [
            -0.0,
            0.0,
            1.0
          ]
        ]
      }
    },
    {
      "target_id": 5,
      "picking_point": [
        105,
        176
      ],
      "approach_angle_deg": -75.96375653207353,
      "camera_pose": {
        "position_m": [
          -0.19221358307264438,
          -0.06680229326894531,
          0.5120000243186951
        ],
        "orientation_rpy_deg": [
          0.0,
          0.0,
          -75.96375653207353
        ],
        "rotation_matrix": [
          [
            0.24253562503633289,
            0.9701425001453319,
            0.0
          ],
          [
            -0.9701425001453319,
            0.24253562503633289,
            -0.0
          ],
          [
            -0.0,
            0.0,
            1.0
          ]
        ]
      }
    },
    {
      "target_id": 6,
      "picking_point": [
        157,
        412
      ],
      "approach_angle_deg": -75.96375653207353,
      "camera_pose": {
        "position_m": [
          -0.12990941606298073,
          0.11685959880495571,
          0.4490000307559967
        ],
        "orientation_rpy_deg": [
          0.0,
          0.0,
          -75.96375653207353
        ],
        "rotation_matrix": [
          [
            0.24253562503633289,
            0.9701425001453319,
            0.0
          ],
          [
            -0.9701425001453319,
            0.24253562503633289,
            -0.0
          ],
          [
            -0.0,
            0.0,
            1.0
          ]
        ]
      }
    },
    {
      "target_id": 7,
      "picking_point": [
        259,
        405
      ],
      "approach_angle_deg": -69.07549825507883,
      "camera_pose": {
        "position_m": [
          -0.060390781400529676,
          0.12466159833679637,
          0.5013000428676605
        ],
        "orientation_rpy_deg": [
          0.0,
          0.0,
          -69.07549825507883
        ],
        "rotation_matrix": [
          [
            0.35713746626659154,
            0.9340518348510853,
            0.0
          ],
          [
            -0.9340518348510853,
            0.35713746626659154,
            -0.0
          ],
          [
            -0.0,
            0.0,
            1.0
          ]
        ]
      }
    },
    {
      "target_id": 8,
      "picking_point": [
        411,
        349
      ],
      "approach_angle_deg": -109.29004621918874,
      "camera_pose": {
        "position_m": [
          0.06571589737464102,
          0.07813534183630363,
          0.5010000467300415
        ],
        "orientation_rpy_deg": [
          0.0,
          0.0,
          -109.29004621918874
        ],
        "rotation_matrix": [
          [
            -0.3303504247281061,
            0.9438583563660174,
            -0.0
          ],
          [
            -0.9438583563660174,
            -0.3303504247281061,
            0.0
          ],
          [
            -0.0,
            0.0,
            1.0
          ]
        ]
      }
    }
  ],
  "rgb_file": "rgbd/val/pepper/pepper_frame_0016_rgb.png",
  "depth_file": "rgbd/val/pepper/pepper_frame_0016.npz"
}
