{
  "frame_name": "pepper_frame_0037",
  "crop": "pepper",
  "class_id": 2,
  "class_label": "pepper",
  "annotation_schema": "decision_gt_v1",
  "primary_target_id": 1,
  "targets": [
    {
      "target_id": 1,
      "picking_point": [
        299,
        102
      ],
      "approach_angle_deg": -92.48955292199916,
      "camera_pose": {
        "position_m": [
          -0.019746224731268656,
          -0.09208955163731636,
          0.36400002241134644
        ],
        "orientation_rpy_deg": [
          0.0,
          0.0,
          -92.48955292199916
        ],
        "rotation_matrix": [
          [
            -0.04343722427630694,
            0.9990561583550596,
            -0.0
          ],
          [
            -0.9990561583550596,
            -0.04343722427630694,
            0.0
          ],
          [
            -0.0,
            0.0,
            1.0
          ]
        ]
      }
    },
    {
      "target_id": 2,
      "picking_point": [
        550,
        306
      ],
      "approach_angle_deg": -96.3401917459099,
      "camera_pose": {
        "position_m": [
          0.1470432288474439,
          0.034499223992721206,
          0.40700000524520874
        ],
        "orientation_rpy_deg": [
          0.0,
          0.0,
          -96.3401917459099
        ],
        "rotation_matrix": [
          [
            -0.11043152607484648,
            0.9938837346736189,
            -0.0
          ],
          [
            -0.9938837346736189,
            -0.11043152607484648,
            0.0
          ],
          [
            -0.0,
            0.0,
            1.0
          ]
        ]
      }
    },
    {
      "target_id": 3,
      "picking_point": [
        466,
        359
      ],
      "approach_angle_deg": -111.80140948635182,
      "camera_pose": {
        "position_m": [
          0.1024446182714193,
          0.07952965590896474,
          0.4610000252723694
        ],
        "orientation_rpy_deg": [
          0.0,
          0.0,
          -111.80140948635182
        ],
        "rotation_matrix": [
          [
            -0.37139067635410367,
            0.9284766908852593,
            -0.0
          ],
          [
            -0.9284766908852593,
            -0.37139067635410367,
            0.0
          ],
          [
            -0.0,
            0.0,
            1.0
          ]
        ]
      }
    },
    {
      "target_id": 4,
      "picking_point": [
        621,
        413
      ],
      "approach_angle_deg": -112.16634582208246,
      "camera_pose": {
        "position_m": [
          0.22121803401824364,
          0.1210079789699263,
          0.4620000123977661
        ],
        "orientation_rpy_deg": [
          0.0,
          0.0,
          -112.16634582208246
        ],
        "rotation_matrix": [
          [
            -0.37729688731351957,
            0.9260923597695477,
            -0.0
          ],
          [
            -0.9260923597695477,
            -0.37729688731351957,
            0.0
          ],
          [
            -0.0,
            0.0,
            1.0
          ]
        ]
      }
    }
  ],
  "rgb_file": "rgbd/val/pepper/pepper_frame_0037_rgb.png",
  "depth_file": "rgbd/val/pepper/pepper_frame_0037.npz"
}
