{
  "frame_name": "mango_frame_0051",
  "crop": "mango",
  "class_id": 3,
  "class_label": "mango",
  "annotation_schema": "decision_gt_v1",
  "primary_target_id": 1,
  "targets": [
    {
      "target_id": 1,
      "picking_point": [
        390,
        296
      ],
      "approach_angle_deg": -90.0,
      "camera_pose": {
        "position_m": [
          0.0893662323684036,
          0.06322874078545668,
          0.9270000457763672
        ],
        "orientation_rpy_deg": [
          0.0,
          -10.0,
          -90.0
        ],
        "rotation_matrix": [
          [
            6.030208312509488e-17,
            1.0,
            -1.0632884247878856e-17
          ],
          [
            -0.984807753012208,
            6.123233995736766e-17,
            0.17364817766693033
          ],
          [
            0.17364817766693033,
            0.0,
            0.984807753012208
          ]
        ]
      }
    },
    {
      "target_id": 2,
      "picking_point": [
        177,
        205
      ],
      "approach_angle_deg": -90.0,
      "camera_pose": {
        "position_m": [
          -0.10402544408987786,
          -0.03347819894544024,
          0.406000018119812
        ],
        "orientation_rpy_deg": [
          0.0,
          -5.0,
          -90.0
        ],
        "rotation_matrix": [
          [
            6.099933241728101e-17,
            1.0,
            -5.336750069161486e-18
          ],
          [
            -0.9961946980917455,
            6.123233995736766e-17,
            0.08715574274765817
          ],
          [
            0.08715574274765817,
            0.0,
            0.9961946980917455
          ]
        ]
      }
    }
  ],
  "rgb_file": "rgbd/val/mango/mango_frame_0051_rgb.png",
  "depth_file": "rgbd/val/mango/mango_frame_0051.npz"
}
