{
  "frame_name": "mango_frame_0046",
  "crop": "mango",
  "class_id": 3,
  "class_label": "mango",
  "annotation_schema": "decision_gt_v1",
  "primary_target_id": 1,
  "targets": [
    {
      "target_id": 1,
      "picking_point": [
        472,
        301
      ],
      "approach_angle_deg": -85.91438322002513,
      "camera_pose": {
        "position_m": [
          0.18177789173619183,
          0.05988877394564901,
          0.7830000519752502
        ],
        "orientation_rpy_deg": [
          0.0,
          -5.0,
          -85.91438322002513
        ],
        "rotation_matrix": [
          [
            0.07097593345263314,
            0.997458699830735,
            -0.006209589560275794
          ],
          [
            -0.9936630683368641,
            0.07124704998790964,
            0.08693425384386112
          ],
          [
            0.08715574274765817,
            0.0,
            0.9961946980917455
          ]
        ]
      }
    },
    {
      "target_id": 2,
      "picking_point": [
        136,
        163
      ],
      "approach_angle_deg": -88.89829388479363,
      "camera_pose": {
        "position_m": [
          -0.12866622553159682,
          -0.06034281634047283,
          0.3970000147819519
        ],
        "orientation_rpy_deg": [
          0.0,
          -5.0,
          -88.89829388479363
        ],
        "rotation_matrix": [
          [
            0.0191540488763382,
            0.9998151400298467,
            -0.0016757621373010552
          ],
          [
            -0.9960105415695895,
            0.019227214231343145,
            0.08713963113965514
          ],
          [
            0.08715574274765817,
            0.0,
            0.9961946980917455
          ]
        ]
      }
    }
  ],
  "rgb_file": "rgbd/val/mango/mango_frame_0046_rgb.png",
  "depth_file": "rgbd/val/mango/mango_frame_0046.npz"
}
