{
  "frame_name": "mango_frame_0048",
  "crop": "mango",
  "class_id": 3,
  "class_label": "mango",
  "annotation_schema": "decision_gt_v1",
  "primary_target_id": 1,
  "targets": [
    {
      "target_id": 1,
      "picking_point": [
        160,
        156
      ],
      "approach_angle_deg": -85.76360520094116,
      "camera_pose": {
        "position_m": [
          -0.11118633052474679,
          -0.06396242295122521,
          0.39100003242492676
        ],
        "orientation_rpy_deg": [
          0.0,
          -5.0,
          -85.76360520094116
        ],
        "rotation_matrix": [
          [
            0.0735905814494544,
            0.997267754456709,
            -0.006438341619108421
          ],
          [
            -0.9934728495676343,
            0.0738716855153118,
            0.08691761185796366
          ],
          [
            0.08715574274765817,
            0.0,
            0.9961946980917455
          ]
        ]
      }
    },
    {
      "target_id": 2,
      "picking_point": [
        448,
        275
      ],
      "approach_angle_deg": -90.92404535277271,
      "camera_pose": {
        "position_m": [
          0.1587492947914455,
          0.02758694252967046,
          0.8250000476837157
        ],
        "orientation_rpy_deg": [
          0.0,
          -10.0,
          -90.92404535277271
        ],
        "rotation_matrix": [
          [
            -0.01588193034286422,
            0.9998699525321245,
            0.0028004128251794035
          ],
          [
            -0.9846796812575846,
            -0.016126934718260023,
            0.17362559516112355
          ],
          [
            0.17364817766693033,
            0.0,
            0.984807753012208
          ]
        ]
      }
    }
  ],
  "rgb_file": "rgbd/val/mango/mango_frame_0048_rgb.png",
  "depth_file": "rgbd/val/mango/mango_frame_0048.npz"
}
