{
  "frame_name": "mango_frame_0049",
  "crop": "mango",
  "class_id": 3,
  "class_label": "mango",
  "annotation_schema": "decision_gt_v1",
  "primary_target_id": 1,
  "targets": [
    {
      "target_id": 1,
      "picking_point": [
        200,
        203
      ],
      "approach_angle_deg": -88.89829388479363,
      "camera_pose": {
        "position_m": [
          -0.12708774389807606,
          -0.049968531310575395,
          0.582587742805481
        ],
        "orientation_rpy_deg": [
          0.0,
          -5.0,
          -88.89829388479363
        ],
        "rotation_matrix": [
          [
            0.0191540488763382,
            0.9998151400298467,
            -0.0016757621373010552
          ],
          [
            -0.9960105415695895,
            0.019227214231343145,
            0.08713963113965514
          ],
          [
            0.08715574274765817,
            0.0,
            0.9961946980917455
          ]
        ]
      }
    },
    {
      "target_id": 2,
      "picking_point": [
        417,
        302
      ],
      "approach_angle_deg": -90.93919094573559,
      "camera_pose": {
        "position_m": [
          0.06589487502260824,
          0.036492301712170785,
          0.46700000762939453
        ],
        "orientation_rpy_deg": [
          0.0,
          -10.0,
          -90.93919094573559
        ],
        "rotation_matrix": [
          [
            -0.01614222046914947,
            0.9998656545973652,
            0.0028463089972555074
          ],
          [
            -0.9846754486181117,
            -0.01639124023930117,
            0.17362484883258486
          ],
          [
            0.17364817766693033,
            0.0,
            0.984807753012208
          ]
        ]
      }
    }
  ],
  "rgb_file": "rgbd/val/mango/mango_frame_0049_rgb.png",
  "depth_file": "rgbd/val/mango/mango_frame_0049.npz"
}
