{
  "frame_name": "mango_frame_0044",
  "crop": "mango",
  "class_id": 3,
  "class_label": "mango",
  "annotation_schema": "decision_gt_v1",
  "primary_target_id": 1,
  "targets": [
    {
      "target_id": 1,
      "picking_point": [
        490,
        303
      ],
      "approach_angle_deg": -86.98721249581666,
      "camera_pose": {
        "position_m": [
          0.1956802964432128,
          0.05960884655935271,
          0.7470000386238098
        ],
        "orientation_rpy_deg": [
          0.0,
          -10.0,
          -86.98721249581666
        ],
        "rotation_matrix": [
          [
            0.05176034634857257,
            0.9986178293325098,
            -0.009126745592068221
          ],
          [
            -0.9834465806228776,
            0.05255883312276374,
            0.17340816624929598
          ],
          [
            0.17364817766693033,
            0.0,
            0.984807753012208
          ]
        ]
      }
    },
    {
      "target_id": 2,
      "picking_point": [
        119,
        157
      ],
      "approach_angle_deg": -90.0,
      "camera_pose": {
        "position_m": [
          -0.14230495396885118,
          -0.06542015445573546,
          0.40400001406669617
        ],
        "orientation_rpy_deg": [
          0.0,
          -5.0,
          -90.0
        ],
        "rotation_matrix": [
          [
            6.099933241728101e-17,
            1.0,
            -5.336750069161486e-18
          ],
          [
            -0.9961946980917455,
            6.123233995736766e-17,
            0.08715574274765817
          ],
          [
            0.08715574274765817,
            0.0,
            0.9961946980917455
          ]
        ]
      }
    }
  ],
  "rgb_file": "rgbd/val/mango/mango_frame_0044_rgb.png",
  "depth_file": "rgbd/val/mango/mango_frame_0044.npz"
}
