{
  "frame_name": "mango_frame_0055",
  "crop": "mango",
  "class_id": 3,
  "class_label": "mango",
  "annotation_schema": "decision_gt_v1",
  "primary_target_id": 1,
  "targets": [
    {
      "target_id": 1,
      "picking_point": [
        170,
        239
      ],
      "approach_angle_deg": -84.92039213998542,
      "camera_pose": {
        "position_m": [
          -0.11786125992569199,
          -0.011515352289994665,
          0.4400946736335754
        ],
        "orientation_rpy_deg": [
          0.0,
          -10.0,
          -84.92039213998542
        ],
        "rotation_matrix": [
          [
            0.0871946719215557,
            0.9960726406926865,
            -0.015374773233793082
          ],
          [
            -0.980940059117501,
            0.0885397902837944,
            0.1729661988801721
          ],
          [
            0.17364817766693033,
            0.0,
            0.984807753012208
          ]
        ]
      }
    },
    {
      "target_id": 2,
      "picking_point": [
        329,
        316
      ],
      "approach_angle_deg": -88.91907581333932,
      "camera_pose": {
        "position_m": [
          -0.004532108228712434,
          0.1002069049972495,
          0.9890000224113463
        ],
        "orientation_rpy_deg": [
          0.0,
          -10.0,
          -88.91907581333932
        ],
        "rotation_matrix": [
          [
            0.01857797178722773,
            0.9998220482235222,
            -0.00327579767292891
          ],
          [
            -0.9846325047230704,
            0.018864566947613612,
            0.17361727666523236
          ],
          [
            0.17364817766693033,
            0.0,
            0.984807753012208
          ]
        ]
      }
    }
  ],
  "rgb_file": "rgbd/val/mango/mango_frame_0055_rgb.png",
  "depth_file": "rgbd/val/mango/mango_frame_0055.npz"
}
