{
  "frame_name": "mango_frame_0050",
  "crop": "mango",
  "class_id": 3,
  "class_label": "mango",
  "annotation_schema": "decision_gt_v1",
  "primary_target_id": 1,
  "targets": [
    {
      "target_id": 1,
      "picking_point": [
        409,
        300
      ],
      "approach_angle_deg": -93.57633437499736,
      "camera_pose": {
        "position_m": [
          0.11686260045512221,
          0.068395189345524,
          0.9140000343322754
        ],
        "orientation_rpy_deg": [
          0.0,
          -10.0,
          -93.57633437499736
        ],
        "rotation_matrix": [
          [
            -0.06143061982523596,
            0.9980525784828885,
            0.010831875716833427
          ],
          [
            -0.9828899172037738,
            -0.06237828615518063,
            0.17331001146933456
          ],
          [
            0.17364817766693033,
            0.0,
            0.984807753012208
          ]
        ]
      }
    },
    {
      "target_id": 2,
      "picking_point": [
        195,
        188
      ],
      "approach_angle_deg": -90.0,
      "camera_pose": {
        "position_m": [
          -0.17889054277234862,
          -0.08738677365735867,
          0.7900789976119995
        ],
        "orientation_rpy_deg": [
          0.0,
          -5.0,
          -90.0
        ],
        "rotation_matrix": [
          [
            6.099933241728101e-17,
            1.0,
            -5.336750069161486e-18
          ],
          [
            -0.9961946980917455,
            6.123233995736766e-17,
            0.08715574274765817
          ],
          [
            0.08715574274765817,
            0.0,
            0.9961946980917455
          ]
        ]
      }
    }
  ],
  "rgb_file": "rgbd/val/mango/mango_frame_0050_rgb.png",
  "depth_file": "rgbd/val/mango/mango_frame_0050.npz"
}
