{
  "frame_name": "mango_frame_0052",
  "crop": "mango",
  "class_id": 3,
  "class_label": "mango",
  "annotation_schema": "decision_gt_v1",
  "primary_target_id": 1,
  "targets": [
    {
      "target_id": 1,
      "picking_point": [
        345,
        295
      ],
      "approach_angle_deg": -93.9004937423819,
      "camera_pose": {
        "position_m": [
          0.020766578096491635,
          0.06309152778278013,
          0.9480000734329223
        ],
        "orientation_rpy_deg": [
          0.0,
          -10.0,
          -93.9004937423819
        ],
        "rotation_matrix": [
          [
            -0.06699045242772479,
            0.99768369268154,
            0.01181222421287477
          ],
          [
            -0.9825266356066297,
            -0.06802388813737777,
            0.17324595512216318
          ],
          [
            0.17364817766693033,
            0.0,
            0.984807753012208
          ]
        ]
      }
    },
    {
      "target_id": 2,
      "picking_point": [
        150,
        209
      ],
      "approach_angle_deg": -87.06432655357884,
      "camera_pose": {
        "position_m": [
          -0.17272756948775186,
          -0.0435298122979915,
          0.5740000009536743
        ],
        "orientation_rpy_deg": [
          0.0,
          -5.0,
          -87.06432655357884
        ],
        "rotation_matrix": [
          [
            0.05101986437974406,
            0.9986876634765885,
            -0.004463659747857703
          ],
          [
            -0.9948873554050109,
            0.0512147519731583,
            0.08704136508322537
          ],
          [
            0.08715574274765817,
            0.0,
            0.9961946980917455
          ]
        ]
      }
    }
  ],
  "rgb_file": "rgbd/val/mango/mango_frame_0052_rgb.png",
  "depth_file": "rgbd/val/mango/mango_frame_0052.npz"
}
