{
  "frame_name": "mango_frame_0047",
  "crop": "mango",
  "class_id": 3,
  "class_label": "mango",
  "annotation_schema": "decision_gt_v1",
  "primary_target_id": 1,
  "targets": [
    {
      "target_id": 1,
      "picking_point": [
        157,
        157
      ],
      "approach_angle_deg": -91.54815769897796,
      "camera_pose": {
        "position_m": [
          -0.22714642567881446,
          -0.127128180795697,
          0.7850759029388428
        ],
        "orientation_rpy_deg": [
          0.0,
          -5.0,
          -91.54815769897796
        ],
        "rotation_matrix": [
          [
            -0.026914352892282032,
            0.9996349698728535,
            0.002354700764210842
          ],
          [
            -0.9958310570144384,
            -0.027017161347914872,
            0.08712392827580144
          ],
          [
            0.08715574274765817,
            0.0,
            0.9961946980917455
          ]
        ]
      }
    },
    {
      "target_id": 2,
      "picking_point": [
        456,
        279
      ],
      "approach_angle_deg": -92.2025981617658,
      "camera_pose": {
        "position_m": [
          0.16803032954798452,
          0.03273018213309523,
          0.8170000314712524
        ],
        "orientation_rpy_deg": [
          0.0,
          -5.0,
          -92.2025981617658
        ],
        "rotation_matrix": [
          [
            -0.038286872468332456,
            0.9992611746313143,
            0.003349667302841901
          ],
          [
            -0.9954586841766451,
            -0.038433122101204344,
            0.08709134987388954
          ],
          [
            0.08715574274765817,
            0.0,
            0.9961946980917455
          ]
        ]
      }
    }
  ],
  "rgb_file": "rgbd/val/mango/mango_frame_0047_rgb.png",
  "depth_file": "rgbd/val/mango/mango_frame_0047.npz"
}
