{
  "frame_name": "mango_frame_0053",
  "crop": "mango",
  "class_id": 3,
  "class_label": "mango",
  "annotation_schema": "decision_gt_v1",
  "primary_target_id": 1,
  "targets": [
    {
      "target_id": 1,
      "picking_point": [
        147,
        210
      ],
      "approach_angle_deg": -83.6598082540901,
      "camera_pose": {
        "position_m": [
          -0.17496659722584737,
          -0.04243109562748197,
          0.5720000267028809
        ],
        "orientation_rpy_deg": [
          0.0,
          -5.0,
          -83.6598082540901
        ],
        "rotation_matrix": [
          [
            0.11001130077794254,
            0.9938837346736189,
            -0.009624741677810635
          ],
          [
            -0.9901017070014824,
            0.1104315260748466,
            0.08662267510029567
          ],
          [
            0.08715574274765817,
            0.0,
            0.9961946980917455
          ]
        ]
      }
    },
    {
      "target_id": 2,
      "picking_point": [
        340,
        299
      ],
      "approach_angle_deg": -87.33699923393286,
      "camera_pose": {
        "position_m": [
          0.013001220467448612,
          0.06980890061327745,
          0.9540000557899475
        ],
        "orientation_rpy_deg": [
          0.0,
          -10.0,
          -87.33699923393286
        ],
        "rotation_matrix": [
          [
            0.045755546298107144,
            0.9989200860780658,
            -0.008067937329411615
          ],
          [
            -0.9837442454093014,
            0.046461399352468284,
            0.1734606525823493
          ],
          [
            0.17364817766693033,
            0.0,
            0.984807753012208
          ]
        ]
      }
    }
  ],
  "rgb_file": "rgbd/val/mango/mango_frame_0053_rgb.png",
  "depth_file": "rgbd/val/mango/mango_frame_0053.npz"
}
